-- MySQL dump 10.13  Distrib 8.0.17, for macos10.14 (x86_64)
--
-- Host: localhost    Database: sheptrees
-- ------------------------------------------------------
-- Server version	8.0.13

/*!40101 SET @OLD_CHARACTER_SET_CLIENT=@@CHARACTER_SET_CLIENT */;
/*!40101 SET @OLD_CHARACTER_SET_RESULTS=@@CHARACTER_SET_RESULTS */;
/*!40101 SET @OLD_COLLATION_CONNECTION=@@COLLATION_CONNECTION */;
/*!50503 SET NAMES utf8 */;
/*!40103 SET @OLD_TIME_ZONE=@@TIME_ZONE */;
/*!40103 SET TIME_ZONE='+00:00' */;
/*!40014 SET @OLD_UNIQUE_CHECKS=@@UNIQUE_CHECKS, UNIQUE_CHECKS=0 */;
/*!40014 SET @OLD_FOREIGN_KEY_CHECKS=@@FOREIGN_KEY_CHECKS, FOREIGN_KEY_CHECKS=0 */;
/*!40101 SET @OLD_SQL_MODE=@@SQL_MODE, SQL_MODE='NO_AUTO_VALUE_ON_ZERO' */;
/*!40111 SET @OLD_SQL_NOTES=@@SQL_NOTES, SQL_NOTES=0 */;

--
-- Table structure for table `donors`
--

DROP TABLE IF EXISTS `donors`;
/*!40101 SET @saved_cs_client     = @@character_set_client */;
/*!50503 SET character_set_client = utf8mb4 */;
CREATE TABLE `donors` (
  `donor_id` int(11) NOT NULL AUTO_INCREMENT,
  `donor` varchar(255) DEFAULT NULL,
  PRIMARY KEY (`donor_id`)
) ENGINE=InnoDB AUTO_INCREMENT=3 DEFAULT CHARSET=utf8mb4 COLLATE=utf8mb4_0900_ai_ci;
/*!40101 SET character_set_client = @saved_cs_client */;

--
-- Dumping data for table `donors`
--

LOCK TABLES `donors` WRITE;
/*!40000 ALTER TABLE `donors` DISABLE KEYS */;
INSERT INTO `donors` VALUES (1,'none'),(2,'2016 Communitree');
/*!40000 ALTER TABLE `donors` ENABLE KEYS */;
UNLOCK TABLES;

--
-- Table structure for table `genus`
--

DROP TABLE IF EXISTS `genus`;
/*!40101 SET @saved_cs_client     = @@character_set_client */;
/*!50503 SET character_set_client = utf8mb4 */;
CREATE TABLE `genus` (
  `genus_id` int(11) NOT NULL AUTO_INCREMENT,
  `genus_name` varchar(255) NOT NULL,
  PRIMARY KEY (`genus_id`),
  UNIQUE KEY `genus_id` (`genus_id`),
  UNIQUE KEY `genus_name` (`genus_name`)
) ENGINE=InnoDB AUTO_INCREMENT=32 DEFAULT CHARSET=utf8mb4 COLLATE=utf8mb4_0900_ai_ci;
/*!40101 SET character_set_client = @saved_cs_client */;

--
-- Dumping data for table `genus`
--

LOCK TABLES `genus` WRITE;
/*!40000 ALTER TABLE `genus` DISABLE KEYS */;
INSERT INTO `genus` VALUES (1,'Abies'),(2,'Acer'),(3,'Amelanchier'),(4,'Betula'),(5,'Carpinifolia'),(6,'Carya'),(7,'Cedrus'),(8,'Celtis'),(9,'Cercis'),(10,'Cornus'),(11,'Fraxinus'),(12,'Ginkgo'),(13,'Gleditsia'),(14,'Juglans'),(15,'Juniperus'),(16,'Lagerstroemia'),(17,'Magnolia'),(18,'Malus'),(19,'Morus'),(20,'Picea'),(21,'Platanus'),(22,'Prunus'),(23,'Pyrus'),(24,'Quercus'),(25,'Rhus'),(26,'Styphnolobium'),(27,'Styrax'),(28,'Tsuga'),(29,'Ulmus');
/*!40000 ALTER TABLE `genus` ENABLE KEYS */;
UNLOCK TABLES;

--
-- Table structure for table `memorials`
--

DROP TABLE IF EXISTS `memorials`;
/*!40101 SET @saved_cs_client     = @@character_set_client */;
/*!50503 SET character_set_client = utf8mb4 */;
CREATE TABLE `memorials` (
  `tree_id` int(11) NOT NULL,
  `recipient` varchar(255) DEFAULT NULL,
  PRIMARY KEY (`tree_id`)
) ENGINE=InnoDB DEFAULT CHARSET=utf8mb4 COLLATE=utf8mb4_0900_ai_ci;
/*!40101 SET character_set_client = @saved_cs_client */;

--
-- Dumping data for table `memorials`
--

LOCK TABLES `memorials` WRITE;
/*!40000 ALTER TABLE `memorials` DISABLE KEYS */;
INSERT INTO `memorials` VALUES (91,'Mrs. Carl Bell'),(114,'Mr. Parel Saab'),(235,'1996 AD Nursing Class'),(236,'Lita E. Trayer Nursing Class of 1986'),(240,'Fr. Gordon Slonaker');
/*!40000 ALTER TABLE `memorials` ENABLE KEYS */;
UNLOCK TABLES;

--
-- Table structure for table `species`
--

DROP TABLE IF EXISTS `species`;
/*!40101 SET @saved_cs_client     = @@character_set_client */;
/*!50503 SET character_set_client = utf8mb4 */;
CREATE TABLE `species` (
  `species_id` int(11) NOT NULL AUTO_INCREMENT,
  `species_name` varchar(255) DEFAULT NULL,
  `genus_id` int(11) NOT NULL,
  PRIMARY KEY (`species_id`),
  UNIQUE KEY `species_id` (`species_id`),
  KEY `genus_id` (`genus_id`),
  CONSTRAINT `species_ibfk_1` FOREIGN KEY (`genus_id`) REFERENCES `genus` (`genus_id`)
) ENGINE=InnoDB AUTO_INCREMENT=64 DEFAULT CHARSET=utf8mb4 COLLATE=utf8mb4_0900_ai_ci;
/*!40101 SET character_set_client = @saved_cs_client */;

--
-- Dumping data for table `species`
--

LOCK TABLES `species` WRITE;
/*!40000 ALTER TABLE `species` DISABLE KEYS */;
INSERT INTO `species` VALUES (1,'abies',20),(2,'alba',19),(3,'americana',11),(4,'atlantica',7),(5,'avium',22),(6,'biloba',12),(7,'calleryana',23),(8,'canadensis',28),(9,'canadensis',9),(10,'coccinea',24),(11,'grandiflora',17),(12,'griseum',2),(13,'hopa',18),(14,'illinoinensis',6),(15,'japonicum',26),(16,'japonicus',27),(17,'muehlenbergii',24),(18,'negundo',2),(19,'nigra',4),(20,'nigra',14),(21,'nigrum',2),(22,'occidentalis',8),(23,'occidentalis',21),(24,'palmatum',2),(25,'papyrifera',4),(26,'parvifolia',29),(27,'pennsylvanica',11),(28,'phellos',24),(29,'pumila',29),(30,'rubens',20),(31,'rubra',24),(32,'rubrum',2),(33,'saccharinum',2),(34,'saccharum',2),(35,'serotinia',22),(36,'soulangeana',17),(37,'sp.',4),(38,'sp.',16),(39,'sp.',3),(40,'sp.',5),(41,'sp.',11),(42,'sp.',1),(43,'sp.',10),(44,'subhirtella',22),(45,'triacanthos',13),(46,'typhina',25),(47,'velutina',24),(48,'virginiana',15);
/*!40000 ALTER TABLE `species` ENABLE KEYS */;
UNLOCK TABLES;

--
-- Table structure for table `tree_details`
--

DROP TABLE IF EXISTS `tree_details`;
/*!40101 SET @saved_cs_client     = @@character_set_client */;
/*!50503 SET character_set_client = utf8mb4 */;
CREATE TABLE `tree_details` (
  `tree_id` int(11) NOT NULL,
  `campus` varchar(255) DEFAULT NULL,
  `latitude` double DEFAULT NULL,
  `longitude` double DEFAULT NULL,
  `common_name` varchar(255) DEFAULT NULL,
  `dbh` double DEFAULT NULL,
  `height` double DEFAULT NULL,
  `exposure` varchar(255) DEFAULT NULL,
  `species_id` int(11) DEFAULT NULL,
  `memorial` varchar(1) DEFAULT NULL,
  `donor_id` int(11) DEFAULT NULL,
  `photo_id` varchar(255) DEFAULT NULL,
  PRIMARY KEY (`tree_id`),
  UNIQUE KEY `tree_id` (`tree_id`),
  KEY `donor_id` (`donor_id`),
  KEY `photo_id` (`photo_id`),
  KEY `species_id` (`species_id`),
  CONSTRAINT `tree_details_ibfk_2` FOREIGN KEY (`donor_id`) REFERENCES `donors` (`donor_id`),
  CONSTRAINT `tree_details_ibfk_3` FOREIGN KEY (`photo_id`) REFERENCES `photos` (`photo_id`),
  CONSTRAINT `tree_details_ibfk_4` FOREIGN KEY (`species_id`) REFERENCES `species` (`species_id`)
) ENGINE=InnoDB DEFAULT CHARSET=utf8mb4 COLLATE=utf8mb4_0900_ai_ci;
/*!40101 SET character_set_client = @saved_cs_client */;

--
-- Dumping data for table `tree_details`
--

LOCK TABLES `tree_details` WRITE;
/*!40000 ALTER TABLE `tree_details` DISABLE KEYS */;
INSERT INTO `tree_details` VALUES (1,'East Campus',39.4309,77.8055,'Sugar Maple',71,19.50930354,'Full',34,'N',1,'1_P'),(2,'East Campus',39.43083333,77.80555556,'Dogwood',17,7.856418121,'Partial',43,'N',1,'2_P'),(3,'East Campus',39.43083333,77.80555556,'Dogwood',18,7.642881742,'Shaded',43,'N',1,'3_P'),(4,'East Campus',39.43083333,77.805,'Sycamore',11.2,16.70384079,'Partial',23,'N',1,'4_P'),(5,'East Campus',39.43083333,77.80555556,'Dogwood',14,4.116607913,'Partial- shaded',43,'N',1,'5_P'),(6,'East Campus',39.43083333,77.80527778,'Mulberry',5.5,1.149949169,'Partial',2,'N',1,'6_P'),(7,'East Campus',39.43222222,77.805,'Norway Spruce',11,4.586021573,'Full',1,'N',1,'7_P'),(8,'East Campus',39.43138889,77.80472222,'Norway Spruce',42.5,19.4822278,'Partial',1,'N',1,'8_P'),(9,'East Campus',39.43138889,77.80472222,'Norway Spruce',40,19.4822278,'Full',1,'N',1,'9_P'),(10,'East Campus',39.43111111,77.805,'Eastern Redbud',5,3.8593302,'Full',9,'N',1,'10_P'),(11,'East Campus',39.43130556,77.80447222,'Eastern Redbud',9,2.501357963,'Partial',9,'N',1,'11_P'),(12,'East Campus',39.43133333,77.80441667,'White Ash',116.5,23.26920013,'Full',3,'N',1,'12_P'),(13,'East Campus',39.43136111,77.80466667,'Eastern Redbud',5.4,3.516790105,'Shaded',9,'N',1,'13_P'),(14,'East Campus',39.43108333,77.80447222,'Black Maple',24,11.06191753,'Partial',35,'N',1,'14_P'),(15,'East Campus',39.43113889,77.80469444,'Hackberry',41.4,21.99277113,'Partial',22,'N',1,'15_P'),(16,'East Campus',39.43102778,77.8045,'Norway Spruce',27.4,18.1729074,'Partial',1,'N',1,'16_P'),(17,'East Campus',39.431,77.80452778,'Norway Spruce',24.5,13.13399591,'Partial- shaded',1,'N',1,'17_P'),(18,'East Campus',39.43102778,77.80458333,'Norway Spruce',38.3,12.59861976,'Partial',1,'N',1,'18_P'),(19,'East Campus',39.43119444,77.80461111,'Sugar Maple',52.9,17.78397036,'Full',34,'N',1,'19_P'),(20,'East Campus',39.43125,77.80466667,'Syberian elm',63.2,16.65163466,'Partial',29,'N',1,'20_P'),(21,'East Campus',39.43277778,77.80341667,'Crab Apple',32.7,4.84868448,'Full',13,'N',1,'21_P'),(22,'East Campus',39.43261111,77.80336111,'Pecan',78,14.69584817,'Full',14,'N',1,'22_P'),(23,'East Campus',39.43252778,77.80313889,'Black Maple',0,NULL,NULL,21,'N',1,'23_P'),(25,'East Campus',39.43083333,77.80555556,'Norway Spruce',30.8,10.64172626,'Partial',1,'N',1,'25_P'),(26,'East Campus',39.43139,77.80502,'Sugar Maple',80,18.53503634,'Partial',34,'N',1,'26_P'),(27,'East Campus',39.43111111,77.80527778,'Red Oak',64,17.50518846,'Full',31,'N',1,'27_P'),(28,'East Campus',39.43111111,77.80555556,'Sugar Maple',17.6,9.479060756,'Full',34,'N',1,'28_P'),(29,'East Campus',39.43472222,77.80888889,'Cherry',41,8.916804943,'Full',5,'N',1,'29_P'),(30,'East Campus',39.43111111,77.80527778,'Dogwood',18.2,4.77535282,'Full',43,'N',1,'30_P'),(31,'East Campus',39.43194444,77.805,'Crab Apple',11.6,5.331567839,'Partial',13,'N',1,'31_P'),(34,'East Campus',39.43166667,77.80388889,'Norway Spruce',41.1,19.80789473,'Partial',1,'N',1,'34_P'),(35,'East Campus',39.43111111,77.805,'Pecan',81.5,34.38907273,'Full',14,'N',1,'35_P'),(36,'East Campus',39.43111111,77.805,'Japanese Pagoda',15.5,10.45306716,'Partial',15,'N',1,'36_P'),(37,'East Campus',39.43111111,77.805,'Japanese Snowbell',12,10.45306716,'Partial',16,'N',1,'37_P'),(38,'East Campus',39.4316,77.80428333,'Weeping Crab Apple',5,4.805057541,'Partial',4,'N',1,'38_P'),(39,'East Campus',39.43156667,77.80405,'Japanese Pagoda',10.1,3.70941002,'Full',15,'N',1,'39_P'),(40,'East Campus',39.4315,77.80378333,'Ash ',7,8.011963326,'Full',41,'N',1,'40_P'),(41,'East Campus',39.4321,77.80381667,'Zelkova ',32.5,18.9646742,'Full',40,'N',1,'41_P'),(42,'East Campus',39.432,77.80363333,'Crab Apple',15,3.1716487,'Full',13,'N',1,'42_P'),(43,'East Campus',39.432,77.80356667,'Sugar Maple',14.5,15.1563667,'Full',34,'N',1,'43_P'),(44,'East Campus',39.43231667,77.80323333,'Purple Leaf Plum ',65,44.21828503,'Full',34,'N',1,'44_P'),(45,'East Campus',39.43231667,77.80333333,'Crab Apple',12.5,6.396089944,'Full',13,'N',1,'45_P'),(46,'East Campus',39.43263333,77.8032,'Sugar Maple',13.9,15.77484289,'Full',34,'N',1,'46_P'),(47,'East Campus',39.43265,77.80321667,'Crab Apple',10.3,5.751958044,'Full',13,'N',1,'47_P'),(48,'East Campus',39.4328,77.80385,'Ash ',19.5,7.009406531,'Partial',41,'N',1,'48_P'),(49,'East Campus',39.43286667,77.8038,'Ash ',20.6,9.479381135,'Partial',41,'N',1,'49_P'),(50,'East Campus',39.43080583,77.80532194,'Sugar Maple',86,24.68976297,'Full',34,'N',1,'50_P'),(51,'East Campus',39.43105,77.80504,'Sugar Maple',87,23.15664576,'Full',34,'N',1,'51_P'),(52,'East Campus',39.43105,77.8051,'Sugar Maple',72,20.47363513,'Full',34,'N',1,'52_P'),(53,'East Campus',39.43157472,77.80505333,'Bradford Pear',28.4,13.74047445,'Partial',7,'N',1,'53_P'),(54,'East Campus',39.43148,77.80476,'Crab Apple',16,6.314029399,'Partial',13,'N',1,'54_P'),(55,'East Campus',39.43131556,77.80508194,'Dogwood',12.5,5.250931416,'Full',43,'N',1,'55_P'),(56,'East Campus',39.43204389,77.8047425,'Crab Apple',11.2,3.1716487,'Full',13,'N',1,'56_P'),(57,'East Campus',39.43139,77.80476,'Sugar Maple',68,18.18341261,'Full',34,'N',1,'57_P'),(58,'East Campus',39.43163333,77.80487472,'Sugar Maple',27.4,10.15901718,'Full',34,'N',1,'58_P'),(59,'East Campus',39.43170222,77.80406028,'Sugar Maple',57,23.76986905,'Full',34,'N',1,'59_P'),(60,'East Campus',39.43170389,77.80419889,'Serviceberry',4,3.977273506,'Partial',39,'N',1,'60_P'),(61,'East Campus',39.4309475,77.80407028,'Norway Spruce',35,24.42093575,'Shaded',1,'N',1,'61_P'),(62,'East Campus',39.43102167,77.80461944,'Silver Maple',146.6,28.2260538,'Full',33,'N',1,'62_P'),(63,'East Campus',39.43122056,77.80450111,'Norway Spruce',53.5,15.05230635,'Shaded',1,'N',1,'63_P'),(64,'East Campus',39.43079639,77.80523194,'Norway Spruce',58,13.89592328,'Shaded',1,'N',1,'64_P'),(65,'East Campus',39.43229583,77.80372556,'Zelkova ',28,17.38573476,'Full',40,'N',1,'65_P'),(66,'East Campus',39.43283306,77.8037575,'Bradford Pear',33.5,20.30853224,'Partial/Full',7,'N',1,'66_P'),(67,'East Campus',39.43161111,77.80389167,'Bradford Pear',26,18.05739017,'Partial',7,'N',1,'67_P'),(68,'East Campus',39.43245306,77.80393028,'Crab Apple',34.5,7.219634923,'Partial',13,'N',1,'68_P'),(69,'East Campus',39.43260528,77.80388306,'Bradford Pear',39.5,11.43528233,'Full',7,'N',1,'69_P'),(70,'East Campus',39.43286833,77.80370461,'Bradford Pear',21,15.05230635,'Partial',7,'N',1,'70_P'),(71,'East Campus',39.43237056,77.80396611,'Crab Apple',23.4,11.58904523,'Partial',13,'N',1,'71_P'),(72,'East Campus',39.43138889,77.80444444,'Norway Spruce',26,7.090960085,'Partial',1,'N',1,'72_P'),(73,'East Campus',39.44176667,77.81308333,'River Birch',2.2,2.283112523,'Full',19,'N',2,'73_P'),(74,'East Campus',39.4418,77.81313333,'Eastern Redbud',1,1.9,'Full',9,'N',2,'74_P'),(75,'East Campus',39.44178333,77.81321667,'Red Maple',2,2.75,'Full',32,'N',2,'75_P'),(76,'East Campus',39.44176667,77.81326667,'Crape Myrtle (Natchez)',1.5,2.7,'Full',38,'N',2,'76_P'),(77,'East Campus',39.44176667,77.81331667,'Willow Oak',3,1.575120145,'Full',28,'N',2,'77_P'),(78,'East Campus',39.44181667,77.81338333,'Serviceberry',1.3,2.35,'Full',39,'N',2,'78_P'),(79,'East Campus',39.4418,77.81341667,'Red Maple',2.3,3.37,'Full',32,'N',2,'79_P'),(80,'East Campus',39.44181667,77.81346667,'Eastern Redbud',1.3,2.1,'Full',9,'N',2,'80_P'),(81,'East Campus',39.4418,77.81351667,'River Birch',2.5,3.527647495,'Full',19,'N',2,'81_P'),(82,'East Campus',39.44181667,77.8136,'Crape Myrtle (Pink)',1.3,2.3,'Full',38,'N',2,'82_P'),(83,'East Campus',39.44181667,77.81363333,'Black Oak',1.1,1.5,'Full',47,'N',2,'83_P'),(84,'East Campus',39.44181667,77.81368333,'Eastern Redbud',1.3,2.5,'Full',9,'N',2,'84_P'),(85,'East Campus',39.44183333,77.81376667,'Black Oak',1.3,1.47,'Full',47,'N',2,'85_P'),(86,'East Campus',39.44185,77.81381667,'Serviceberry',1.2,2.44,'Full',39,'N',2,'86_P'),(87,'East Campus',39.44186667,77.81385,'Willow Oak',3.2,2.48,'Full',28,'N',2,'87_P'),(88,'East Campus',39.44188333,77.81395,'Eastern Redbud',1.1,1.4,'Full',9,'N',2,'88_P'),(89,'East Campus',39.43244,77.8042,'Cherry',15.7,6.367122243,'Full',5,'N',1,'89_P'),(90,'East Campus',39.43246,77.80458,'Dogwood',3.2,1.750310472,'Full',43,'N',1,'90_P'),(91,'East Campus',39.43261111,77.80463889,'Mulberry',7.3,1.575120145,'Full',2,'Y',1,'91_P'),(92,'East Campus',39.43211111,77.80494444,'Sugar Maple',34.8,9.675254462,'Full',34,'N',1,'92_P'),(93,'East Campus',39.43191667,77.80461111,'Black Walnut',50.5,17.3754858,'Full',20,'N',1,'93_P'),(94,'East Campus',39.43291667,77.80452778,'Dogwood',28,8.922080012,'Full',43,'N',1,'94_P'),(95,'East Campus',39.43316667,77.80455556,'Dogwood',13.2,4.080685857,'Full',43,'N',1,'95_P'),(96,'East Campus',39.43308333,77.80452778,'Green Ash',25.6,9.111214305,'Full',27,'N',1,'96_P'),(97,'East Campus',39.43313889,77.80447222,'Green Ash',24.6,7.456394027,'Full',27,'N',1,'97_P'),(98,'East Campus',39.43336111,77.8045,'Green Ash',17.5,7.107237147,'Full',27,'N',1,'98_P'),(99,'East Campus',39.43333333,77.80441667,'Green Ash',15,5.966692732,'Full',27,'N',1,'99_P'),(100,'East Campus',39.43275,77.80316667,'Cherry',47,1.431914965,'Full',5,'N',1,'100_P'),(101,'East Campus',39.43133333,77.8035,'Crab Apple',36.9,6.000904504,'Full',13,'N',1,'101_P'),(102,'East Campus',39.43280556,77.80347222,'Crab Apple',33.8,5.269773512,'Full',13,'N',1,'102_P'),(104,'East Campus',39.43305556,77.80325,'Magnolia',15.7,4.966798546,'Full',11,'N',1,'104_P'),(105,'East Campus',39.43330556,77.80363889,'Cherry',17.6,1.886459338,'Full',5,'N',1,'105_P'),(106,'East Campus',39.4325,77.80425,'Sugar Maple',20.4,14.0026966,'Full',34,'N',1,'106_P'),(107,'East Campus',39.4325,77.80431667,'Dogwood',7.3,1.402396258,'Full',43,'N',1,'107_P'),(108,'East Campus',39.43256667,77.80438333,'Dogwood',7.3,1.860335185,'Full',43,'N',1,'108_P'),(109,'East Campus',39.43261667,77.80445,'Dogwood',10.2,2.768981608,'Full',43,'N',1,'109_P'),(110,'East Campus',39.43273333,77.80453333,'Dogwood',32.4,12.49384197,'Full',43,'N',1,'110_P'),(111,'East Campus',39.43271667,77.80461667,'Eastern Redbud',21.4,4.442761731,'Full',9,'N',1,'111_P'),(112,'East Campus',39.43266667,77.80465,'Eastern Redbud',8.3,3.898688375,'Full',9,'N',1,'112_P'),(113,'East Campus',39.4326,77.80466667,'Eastern Redbud',11.3,2.280294982,'Full',9,'N',1,'113_P'),(114,'East Campus',39.43238333,77.80485,'Magnolia',15.4,7.619971804,'Partial',11,'Y',1,'114_P'),(115,'East Campus',39.4321,77.80473333,'Sugar Maple',69,16.89409605,'Full',34,'N',1,'115_P'),(116,'East Campus',39.43211667,77.80455,'Cherry',17,4.788822222,'Full',5,'N',1,'116_P'),(117,'East Campus',39.43278333,77.80448333,'Crab Apple',10,4.084900271,'Partial',13,'N',1,'117_P'),(118,'East Campus',39.433,77.80443333,'Dogwood',19,4.272862205,'Partial',43,'N',1,'118_P'),(119,'East Campus',39.433,77.80441667,'Magnolia',33.6,12.40858647,'Full',11,'N',1,'119_P'),(120,'East Campus',39.4331,77.80433333,'Dogwood',5,4.272862205,'Partial',43,'N',1,'120_P'),(121,'East Campus',39.43313333,77.80428333,'Dogwood',1,1.5,'Shaded',43,'N',1,'121_P'),(122,'East Campus',39.43331667,77.80426667,'Green Ash',10,3.837002695,'Full',27,'N',1,'122_P'),(123,'East Campus',39.433335,77.80401667,'Green Ash',12.3,8.053117735,'Partial',27,'N',1,'123_P'),(124,'East Campus',39.43335,77.80401667,'Green Ash',14,8.105858824,'Partial',27,'N',1,'124_P'),(125,'East Campus',39.4329,77.80375,'Ash ',22.7,19.18863384,'Partial',41,'N',1,'125_P'),(126,'East Campus',39.43296667,77.80376667,'Ash ',13,16.09583881,'Partial',41,'N',1,'126_P'),(127,'East Campus',39.43301667,77.80371667,'Ash ',24.2,20.77568801,'Partial',41,'N',1,'127_P'),(128,'East Campus',39.4331,77.80363333,'Ash ',17.5,16.31232995,'Full',41,'N',1,'128_P'),(130,'East Campus',39.43341667,77.80428333,'Green Ash',16,6.648389327,'Full',27,'N',1,'130_P'),(131,'East Campus',39.43341667,77.804,'Dogwood',4.3,2.6,'Full',43,'N',1,'131_P'),(132,'East Campus',39.43336667,77.80391667,'Green Ash',21.1,8.945878473,'Full',27,'N',1,'132_P'),(133,'East Campus',39.43335,77.8038,'Cherry',15.5,4.084900271,'Full',5,'N',1,'133_P'),(134,'East Campus',39.43285,77.80293333,'Crape Myrtle',16.8,8.011963326,'Full',38,'N',1,'134_P'),(135,'East Campus',39.43358333,77.80335,'Hackberry',31.5,13.99086568,'Partial',22,'N',1,'135_P'),(136,'East Campus',39.4336,77.80331667,'Red Oak',58.5,18.86279571,'Full',31,'N',1,'136_P'),(137,'East Campus',39.43363333,77.80373333,'Hackberry',49.5,14.25386984,'Full',22,'N',1,'137_P'),(138,'East Campus',39.43351667,77.80436667,'Dogwood',3,2.4,'Full',43,'N',1,'138_P'),(140,'East Campus',39.43344444,77.80427778,'Green Ash',22.6,6.826096436,'Full',27,'N',1,'140_P'),(142,'East Campus',39.43372222,77.80344444,'Eastern Hemlock',12.4,6.25503037,'Full',8,'N',1,'142_P'),(143,'East Campus',39.43358333,77.80375,'Eastern Hemlock',22.1,5.581688456,'Full',8,'N',1,'143_P'),(144,'East Campus',39.43419,77.80369,'Yellow Oak',72,19.6926287,'Full',17,'N',1,'144_P'),(145,'East Campus',39.43376,77.80401,'Weeping Cherry',29.2,2.633253956,'Partial',44,'N',1,'145_P'),(146,'East Campus',39.43375,77.80393,'Weeping Cherry',28.9,2.633253956,'Partial',44,'N',1,'146_P'),(147,'East Campus',39.43364,77.8041,'Weeping Cherry',25.8,2.280294982,'Partial',44,'N',1,'147_P'),(148,'East Campus',39.43382,77.80432,'Green Ash',20.8,5.637379453,'Partial',27,'N',1,'148_P'),(149,'East Campus',39.43393,77.80421,'Weeping Cherry',20.8,1.92948614,'Full',44,'N',1,'149_P'),(150,'East Campus',39.43393,77.80421,'Weeping Cherry',18.3,2.315144113,'Full',44,'N',1,'150_P'),(151,'East Campus',39.43405,77.80394,'Dogwood',14.9,2.98925275,'Full',43,'N',1,'151_P'),(152,'East Campus',39.43395,77.80456,'Atlas Cedar ',23.7,11.62972115,'Partial',4,'N',1,'152_P'),(153,'East Campus',39.43394,77.80453,'Atlas Cedar ',23.1,11.62972115,'Partial',4,'N',1,'153_P'),(154,'East Campus',39.43393,77.80454,'Atlas Cedar ',25.4,11.62972115,'Partial',4,'N',1,'154_P'),(155,'East Campus',39.43438,77.80442,'Thornless Honey Locust (cultivars)',19.4,8.703648997,'Full',45,'N',1,'155_P'),(156,'East Campus',39.43431,77.8043,'Thornless Honey Locust (cultivars)',18.3,7.828300111,'Full',45,'N',1,'156_P'),(157,'East Campus',39.4343,77.80429,'Thornless Honey Locust (cultivars)',18.1,6.582829568,'Full',45,'N',1,'157_P'),(158,'East Campus',39.43436,77.80392,'Dogwood',16.9,4.84868448,'Partial',43,'N',1,'158_P'),(159,'East Campus',39.4345,77.80343,'Dogwood',14.5,4.654605309,'Partial',43,'N',1,'159_P'),(160,'East Campus',39.43458,77.80324,'Black Maple',49.2,19.03425396,'Full',21,'N',1,'160_P'),(161,'East Campus',39.43492,77.80303,'Dogwood',13.8,4.84868448,'Partial',43,'N',1,'161_P'),(162,'East Campus',39.4352,77.80317,'Scarlet Oak',70,17.84416002,'Full',10,'N',1,'162_P'),(163,'East Campus',39.43536,77.8029,'White Ash',65.4,17.1507993,'Full',3,'N',1,'163_P'),(164,'East Campus',39.43546,77.80289,'Red Maple',5,3.530973964,'Full',32,'N',1,'164_P'),(165,'East Campus',39.43549,77.80289,'Sycamore',52.4,15.96282223,'Full',23,'N',1,'165_P'),(166,'East Campus',39.43532,77.80285,'Dogwood',2,3.168678154,'Full',43,'N',1,'166_P'),(167,'East Campus',39.43555,77.80294,'Red Maple',5.2,3.349211438,'Full',32,'N',1,'167_P'),(168,'East Campus',39.43513,77.80337,'Dogwood',21.5,4.84868448,'Full',43,'N',1,'168_P'),(169,'East Campus',39.43515,77.80338,'Crape Myrtle',5,3.168678154,'Partial',38,'N',1,'169_P'),(170,'East Campus',39.43516,77.8037,'Crape Myrtle',5,2.98925275,'Partial',38,'N',1,'170_P'),(171,'East Campus',39.43511,77.80371,'Weeping Cherry',21.3,3.5,'Full',4,'N',1,'171_P'),(172,'East Campus',39.43494,77.80367,'Black Walnut',83,20.01174407,'Full',20,'N',1,'172_P'),(173,'East Campus',39.43485,77.80359,'Sycamore',90,26.03991575,'Full',23,'N',1,'173_P'),(174,'East Campus',39.43478,77.80366,'Silver Maple',101,24.42093575,'Full',33,'N',1,'174_P'),(175,'East Campus',39.43474,77.80369,'Silver Maple',77,24.27826692,'Full',33,'N',1,'175_P'),(176,'East Campus',39.43477,77.80399,'Yellow Oak',132,27.12210562,'Full',17,'N',1,'176_P'),(177,'East Campus',39.43486,77.8039,'Norway Spruce',24.3,9.191377622,'Full',1,'N',1,'177_P'),(178,'East Campus',39.43449,77.8038,'Red Maple',11.8,6.010214911,'Full',32,'N',1,'178_P'),(179,'East Campus',39.43446,77.80392,'Green Ash',11,5.445670605,'Full',27,'N',1,'179_P'),(180,'East Campus',39.43448,77.80399,'Magnolia',3.7,4.462715162,'Partial',11,'N',1,'180_P'),(181,'East Campus',39.43449,77.80402,'Magnolia',5.6,4.654605309,'Partial',11,'N',1,'181_P'),(182,'East Campus',39.43454,77.80399,'Magnolia',4.9,3.898688375,'Partial',11,'N',1,'182_P'),(183,'East Campus',39.43453,77.80391,'Magnolia',3.9,3.349211438,'Full',11,'N',1,'183_P'),(184,'East Campus',39.43454,77.80391,'Green Ash',17.5,8.076156368,'Full',27,'N',1,'184_P'),(185,'East Campus',39.4346,77.80399,'Birch Ornamental',7,6.294994346,'Full',37,'N',1,'185_P'),(186,'East Campus',39.4346,77.80399,'Magnolia',3,3.021364077,'Full',11,'N',1,'186_P'),(187,'East Campus',39.4346,77.80403,'Birch Ornamental',13,5.728272011,'Full',37,'N',1,'187_P'),(188,'East Campus',39.4346,77.80403,'Mulberry',3.5,3.285597654,'Partial',2,'N',1,'188_P'),(189,'East Campus',39.43464,77.80412,'Paper Bark Maple',6.9,2.643071211,'Full',12,'N',1,'189_P'),(190,'East Campus',39.43463,77.80418,'Paper Bark Maple',8.5,2.98925275,'Full',12,'N',1,'190_P'),(191,'East Campus',39.43464,77.80426,'Paper Birch',7.8,3.898688375,'Full',25,'N',1,'191_P'),(192,'East Campus',39.4348,77.80419,'Red Maple',14.4,8.076156368,'Full',32,'N',1,'192_P'),(193,'East Campus',39.43485,77.80412,'Dogwood',4.5,1.92948614,'Full',43,'N',1,'193_P'),(194,'East Campus',39.43281,77.80518,'Crape Myrtle',5.7,3.349211438,'Full',38,'N',1,'194_P'),(195,'East Campus',39.43513,77.804,'Crape Myrtle',8,3.714090258,'Partial',38,'N',1,'195_P'),(196,'East Campus',39.43515,77.80412,'Paper Birch',8,6.010214911,'Partial',25,'N',1,'196_P'),(197,'East Campus',39.43512,77.80419,'Paper Birch',6.7,5.448954167,'Partial',25,'N',1,'197_P'),(198,'East Campus',39.43512,77.80427,'Crape Myrtle',5.4,3.530973964,'Partial',38,'N',1,'198_P'),(199,'East Campus',39.43502,77.80421,'Sycamore',138.1,30.52365195,'Full',23,'N',1,'199_P'),(200,'East Campus',39.43501,77.80429,'Dogwood',3,2,'Full',43,'N',1,'200_P'),(201,'East Campus',39.435,77.80434,'Crape Myrtle',3,2,'Partial',38,'N',1,'201_P'),(202,'East Campus',39.43487,77.80436,'Green Ash',2,2,'Full',27,'N',1,'202_P'),(203,'East Campus',39.43484,77.80441,'Dogwood',3.5,1.5,'Partial',43,'N',1,'203_P'),(204,'East Campus',39.43484,77.8045,'Dogwood',5,2,'Partial',43,'N',1,'204_P'),(205,'East Campus',39.43497,77.80455,'Dogwood',7.2,3,'Partial',43,'N',1,'205_P'),(206,'East Campus',39.43491,77.80479,'Red Spruce',6.5,2.633253956,'Full',30,'N',1,'206_P'),(207,'East Campus',39.43505,77.80441,'Crape Myrtle (Pink)',7.8,3.773274755,'Partial',38,'N',1,'207_P'),(208,'East Campus',39.43493,77.80451,'Paper Birch',6.7,5.728272011,'Full',25,'N',1,'208_P'),(209,'East Campus',39.43494,77.80466,'Paper Birch',4.5,4.624738762,'Full',25,'N',1,'209_P'),(210,'East Campus',39.43489,77.80467,'Crape Myrtle (Pink)',6.9,3.168678154,'Full',38,'N',1,'210_P'),(211,'East Campus',39.43489,77.80479,'Crape Myrtle (White) ',7.1,3.349211438,'Full',38,'N',1,'211_P'),(212,'East Campus',39.43489,77.80479,'Paper Birch',5.7,3.817146645,'Full',25,'N',1,'212_P'),(213,'East Campus',39.4351,77.80501,'Stagehorn Sumacy',5.4,3,'Full',46,'N',1,'213_P'),(214,'East Campus',39.43504,77.80522,'Chinese Elm',22.4,6.294994346,'Full',26,'N',1,'214_P'),(215,'East Campus',39.43511,77.80521,'Sugar Maple',10.4,5.172056991,'Full',34,'N',1,'215_P'),(216,'East Campus',39.43516,77.8051,'Sugar Maple',8.8,4.89738255,'Full',34,'N',1,'216_P'),(217,'East Campus',39.43521,77.805,'Sugar Maple',7.8,4.89738255,'Full',34,'N',1,'217_P'),(218,'East Campus',39.43526,77.80485,'Sugar Maple',8.5,4.89738255,'Full',34,'N',1,'218_P'),(219,'East Campus',39.43529,77.80473,'Sugar Maple',7.6,3.817146645,'Full',34,'N',1,'219_P'),(220,'East Campus',39.43533,77.80462,'Sugar Maple',7.9,4.353938835,'Full',34,'N',1,'220_P'),(221,'East Campus',39.4354,77.80449,'Sugar Maple',8.5,3.817146645,'Full',34,'N',1,'221_P'),(222,'East Campus',39.43543,77.80432,'Sugar Maple',8,4.353938835,'Full',34,'N',1,'222_P'),(223,'East Campus',39.43549,77.80421,'Sugar Maple',8,4.353938835,'Full',34,'N',1,'223_P'),(224,'East Campus',39.43552,77.80411,'Sugar Maple',7.7,5.172056991,'Full',34,'N',1,'224_P'),(225,'East Campus',39.43557,77.80401,'Red Spruce',5,2,'Full',30,'N',1,'225_P'),(226,'East Campus',39.43237,77.8056,'Silver Maple',29,11.94028226,'Full',33,'N',1,'226_P'),(227,'East Campus',39.43234,77.8056,'Ginkgo',15,7.168587639,'Full',6,'N',1,'227_P'),(228,'East Campus',39.43229,77.8054,'Sugar Maple',72.5,18.39177842,'Full',34,'N',1,'228_P'),(229,'East Campus',39.43225,77.80529,'Sycamore',45.6,21.06120617,'Full',23,'N',1,'229_P'),(230,'East Campus',39.43221,77.80523,'Dogwood',15.7,3.285597654,'Partial',43,'N',1,'230_P'),(231,'East Campus',39.43219,77.80518,'Dogwood',10.7,3.550802538,'Partial',43,'N',1,'231_P'),(232,'East Campus',39.43226,77.80512,'Black Maple',77,20.8319326,'Full',21,'N',1,'232_P'),(233,'East Campus',39.43232,77.80507,'Sugar Maple',25.2,11.50442504,'Partial',34,'N',1,'233_P'),(234,'East Campus',39.43241,77.80508,'Black Oak',57.8,18.39177842,'Full',47,'N',1,'234_P'),(235,'East Campus',39.43262,77.805,'Cherry',37.7,12.3839619,'Full',5,'Y',1,'235_P'),(236,'East Campus',39.43258,77.80498,'Saucer Magnolia',12.2,5.448954167,'Partial',36,'Y',1,'236_P'),(237,'East Campus',39.43263,77.80498,'Black Walnut',72,14.8218013,'Full',20,'N',1,'237_P'),(238,'East Campus',39.43277,77.80507,'Dogwood',13,3.349211438,'Partial',43,'N',1,'238_P'),(239,'East Campus',39.4328,77.80512,'Dogwood',18,7.769427512,'Partial',43,'N',1,'239_P'),(240,'East Campus',39.43281,77.80523,'Sugar Maple',41.9,17.80895039,'Partial',34,'Y',1,'240_P'),(241,'East Campus',39.43292,77.80544,'Japanese Maple',87,23.26123395,'Full',24,'N',1,'241_P'),(242,'East Campus',39.43282,77.8055,'White Ash',81.6,16.28062383,'Full',3,'N',1,'242_P'),(243,'East Campus',39.43271,77.80558,'White Ash',106,19.11303438,'Full',3,'N',1,'243_P'),(244,'East Campus',39.43279,77.80488,'Crape Myrtle',3.5,2.810816694,'Full',38,'N',1,'244_P'),(245,'East Campus',39.43286,77.80482,'Crape Myrtle',4.9,3.168678154,'Full',38,'N',1,'245_P'),(246,'East Campus',39.43292,77.8048,'Crape Myrtle',4.5,3.168678154,'Full',38,'N',1,'246_P'),(247,'East Campus',39.43295,77.80476,'Crape Myrtle (Natchez)',3.8,2.98925275,'Full',38,'N',1,'247_P'),(248,'East Campus',39.43326,77.80472,'Red Maple',13.6,7.769427512,'Full',32,'N',1,'248_P'),(249,'East Campus',39.43469,77.80506,'Red Spruce',8.5,4,'Full',30,'N',1,'249_P'),(250,'East Campus',39.43465,77.80503,'Red Spruce',8.8,4,'Full',30,'N',1,'250_P'),(251,'East Campus',39.43462,77.80502,'Red Spruce',5,3.5,'Full',30,'N',1,'251_P'),(252,'East Campus',39.43454,77.80492,'Red Oak',1.8,2.3,'Full',31,'N',1,'252_P'),(253,'East Campus',39.43449,77.80489,'Eastern Redbud',7.7,2.5,'Partial',9,'N',1,'253_P'),(254,'East Campus',39.43447,77.80492,'Eastern Redbud',10.9,4.89738255,'Partial',9,'N',1,'254_P'),(255,'East Campus',39.43444,77.80492,'Fir species',5,2.5,'Partial',42,'N',1,'255_P'),(256,'East Campus',39.43441,77.80488,'Serviceberry',3.2,2,'Full',39,'N',1,'256_P'),(257,'East Campus',39.43444,77.80507,'Chinese Elm',11.1,3.898688375,'Full',26,'N',1,'257_P'),(258,'East Campus',39.43457,77.80503,'Crab Apple',11.7,4.272862205,'Full',13,'N',1,'258_P'),(259,'East Campus',39.43313,77.80611,'Bradford Pear',89.2,21.04815559,'Full',7,'N',1,'259_P'),(260,'East Campus',39.43343,77.8064,'Black Walnut',54.7,19.18763242,'Full',20,'N',1,'260_P'),(261,'East Campus',39.43357,77.80648,'Black Walnut',56.7,21.60883191,'Full',20,'N',1,'261_P'),(262,'East Campus',39.43359,77.80643,'Box Elder',58.8,18.90842179,'Full',18,'N',1,'262_P'),(263,'East Campus',39.43393,77.80652,'Cherry',24.6,7.108757119,'Full',5,'N',1,'263_P'),(264,'East Campus',39.43423,77.80664,'Cherry',10,4.353938835,'Full',5,'N',1,'264_P'),(265,'East Campus',39.43467,77.80575,'Norway Spruce',74.3,15.80941543,'Full',1,'N',1,'265_P'),(266,'East Campus',39.43475,77.80583,'Norway Spruce',62,13.88051251,'Full',1,'N',1,'266_P'),(267,'East Campus',39.43481,77.80587,'Eastern Hemlock',37,13.4655778,'Full',8,'N',1,'267_P'),(268,'East Campus',39.4348,77.80586,'Eastern Redbud',32.9,14.76211154,'Full',9,'N',1,'268_P'),(269,'East Campus',39.43525,77.80479,'Fir species',11.7,6.019786499,'Full',42,'N',1,'269_P'),(270,'East Campus',39.43524,77.80472,'Fir species',11.8,5.659912133,'Full',42,'N',1,'270_P'),(271,'East Campus',39.4352,77.80467,'Syberian elm',15.3,8.331446241,'Full',29,'N',1,'271_P'),(272,'East Campus',39.43525,77.80455,'Stagehorn Sumacy',2.9,3,'Full',46,'N',1,'272_P'),(273,'East Campus',39.43533,77.80418,'Serviceberry',73,14.82802907,'Full',39,'N',1,'273_P'),(274,'East Campus',39.43539,77.80426,'Hackberry',6.5,2.361232132,'Partial',22,'N',1,'274_P'),(275,'East Campus',39.43542,77.80426,'Stagehorn Sumacy',2.7,2,'Full',46,'N',1,'275_P'),(276,'East Campus',39.43545,77.80417,'Virgina Junapure',2.5,3,'Full',48,'N',1,'276_P'),(277,'East Campus',39.43562,77.80384,'Eastern Hemlock',4.4,2.98925275,'Full',8,'N',1,'277_P'),(278,'East Campus',39.43558,77.80385,'Red Spruce',5.3,2.98925275,'Full',30,'N',1,'278_P'),(279,'East Campus',39.43557,77.80388,'Fir species',9.2,3.349211438,'Full',42,'N',1,'279_P'),(280,'East Campus',39.43552,77.80411,'River Birch',6.3,3.55437856,'Full',19,'N',1,'280_P'),(281,'East Campus',39.43552,77.80414,'Fir species',10.8,5.244048697,'Full',42,'N',1,'281_P'),(282,'East Campus',39.43541,77.80449,'Fir species',5.8,6.722502664,'Full',42,'N',1,'282_P'),(283,'East Campus',39.43539,77.80453,'Fir species',9.6,6.722502664,'Full',42,'N',1,'283_P'),(284,'East Campus',39.4353,77.80467,'Fir species',10.4,6.948498862,'Full',42,'N',1,'284_P'),(285,'East Campus',39.43527,77.80471,'Fir species',11.9,6.500662842,'Full',42,'N',1,'285_P');
/*!40000 ALTER TABLE `tree_details` ENABLE KEYS */;
UNLOCK TABLES;

--
-- Table structure for table `tree_raw`
--

DROP TABLE IF EXISTS `tree_raw`;
/*!40101 SET @saved_cs_client     = @@character_set_client */;
/*!50503 SET character_set_client = utf8mb4 */;
CREATE TABLE `tree_raw` (
  `LatNS` text,
  `LongEW` text,
  `Campus` text,
  `TreeNumber` int(11) DEFAULT NULL,
  `Date` text,
  `Collector` text,
  `LatDegrees` double DEFAULT NULL,
  `LatMinutes` int(11) DEFAULT NULL,
  `LatSeconds` int(11) DEFAULT NULL,
  `Latitude` double DEFAULT NULL,
  `LongDegrees` double DEFAULT NULL,
  `LongMinutes` int(11) DEFAULT NULL,
  `LongSeconds` int(11) DEFAULT NULL,
  `Longitude` double DEFAULT NULL,
  `CommonName` text,
  `ScientificName` text,
  `DBH(cm)` double DEFAULT NULL,
  `Notes` text,
  `DBHofSecondStem(cm)` text,
  `DistanceAwayFromTree(m)` double DEFAULT NULL,
  `ClinometerReading(TopOfTree)` int(11) DEFAULT NULL,
  `ClinometerReading(BottomOfTree)` int(11) DEFAULT NULL,
  `TreeHeight(m)` double DEFAULT NULL,
  `TreeCondition` text,
  `TreeExposureToSunlight` text,
  `OtherNotes` text,
  `TextFromScientificName` text,
  `Photographed` text,
  `Genus` text,
  `Species` text
) ENGINE=InnoDB DEFAULT CHARSET=utf8mb4 COLLATE=utf8mb4_0900_ai_ci;
/*!40101 SET character_set_client = @saved_cs_client */;

--
-- Dumping data for table `tree_raw`
--

LOCK TABLES `tree_raw` WRITE;
/*!40000 ALTER TABLE `tree_raw` DISABLE KEYS */;
INSERT INTO `tree_raw` VALUES ('N','W','East Campus',1,'2/27/16','Adam Hull and Company',39.4309,0,0,39.4309,77.8055,0,0,77.8055,'Sugar Maple','Acer saccharum',71,NULL,NULL,40,26,0,19.50930354,'Good','Full','cabling system an branch overhanging road; leaning toward road',NULL,'Y','Acer','saccharum'),('N','W','East Campus',2,'2/27/16','Adam Hull and Company',39,25,51,39.43083333,77,48,20,77.80555556,'Dogwood','Cornus',17,NULL,NULL,20,24,3,7.856418121,'Fair','Partial','Two dead branches requiring pruning, no danger',NULL,'Y','Cornus','sp.'),('N','W','East Campus',3,'2/27/16','Adam Hull and Company',39,25,51,39.43083333,77,48,20,77.80555556,'Dogwood','Cornus',18,NULL,NULL,15,27,0,7.642881742,'Fair-poor','Shaded','Dead Branches, Shaded by building',NULL,'Y','Cornus','sp.'),('N','W','East Campus',4,'2/27/16','Adam Hull and Company',39,25,51,39.43083333,77,48,18,77.805,'Sycamore','Platanus occidentalis',11.2,NULL,NULL,8.9,59,-12,16.70384079,'Good','Partial','Height may be off, wall in line way, hanging widow makers, Prune off lower branches craise the crown',NULL,'Y','Platanus','occidentalis'),('N','W','East Campus',5,'2/27/16','Adam Hull and Company',39,25,51,39.43083333,77,48,20,77.80555556,'Dogwood','Cornus',14,NULL,NULL,14,20,4,4.116607913,'Fair-poor','Partial- shaded','Few dead Branches',NULL,'Y','Cornus','sp.'),('N','W','East Campus',6,'2/27/16','Adam Hull and Company',39,25,51,39.43083333,77,48,19,77.80527778,'Mulberry','Morus alba',5.5,NULL,NULL,13,9,4,1.149949169,'Good','Partial','Invasive tree, possible removal',NULL,'Y','Morus','alba'),('N','W','East Campus',7,'2/27/16','Adam Hull and Company',39,25,56,39.43222222,77,48,18,77.805,'Norway Spruce','Picea abies',11,NULL,NULL,20,11,-2,4.586021573,'Good','Full','Sad looking, something (pest) eating it',NULL,'Y','Picea','abies'),('N','W','East Campus',8,'2/27/16','Adam Hull and Company',39,25,53,39.43138889,77,48,17,77.80472222,'Norway Spruce','Picea abies',42.5,NULL,NULL,30,33,0,19.4822278,'Fair','Partial','too close to other trees',NULL,'Y','Picea','abies'),('N','W','East Campus',9,'2/27/16','Adam Hull and Company',39,25,53,39.43138889,77,48,17,77.80472222,'Norway Spruce','Picea abies',40,NULL,NULL,30,33,0,19.4822278,'Good','Full','Wood pecker holes',NULL,'Y','Picea','abies'),('N','W','East Campus',10,'2/27/16','Adam Hull and Company',39,25,52,39.43111111,77,48,18,77.805,'Eastern Redbud','Cercis canadensis',5,NULL,NULL,18,14,2,3.8593302,'Good','Full','Cracked bark might indicate stress',NULL,'Y','Cercis','canadensis'),('N','W','East Campus',11,'4/2/16','Jaysen, Adam, Tim, Melissa',39,25,53,39.43130556,77,48,16,77.80447222,'Eastern Redbud','Cercis canadensis',9,NULL,NULL,20,12,5,2.501357963,'Good','Partial','Some lower branches are not Flowering',NULL,'Y','Cercis','canadensis'),('N','W','East Campus',12,'4/2/16','Jaysen, Adam, Tim, Melissa',39,25,53,39.43133333,77,48,16,77.80441667,'White Ash','Fraxinus americana',116.5,NULL,NULL,25,44,2,23.26920013,'Good','Full','Hard to see, but there is one large, dead branch. Shading a corner of White hall',NULL,'Y','Fraxinus','americana'),('N','W','East Campus',13,'4/2/16','Jaysen, Adam, Tim, Melissa',39,25,53,39.43136111,77,48,17,77.80466667,'Eastern Redbud','Cercis canadensis',5.4,NULL,NULL,20,9,-1,3.516790105,'Good','Shaded','Has some bark stripping on one side',NULL,'Y','Cercis','canadensis'),('N','W','East Campus',14,'4/2/16','Jaysen, Adam, Tim, Melissa',39,25,52,39.43108333,77,48,16,77.80447222,'Black Maple','Prunus serotinia',24,NULL,NULL,12,38,-8,11.06191753,'Good','Partial','Ivy, cable on side. Taller tree on one side blocks light',NULL,'Y','Prunus','serotinia'),('N','W','East Campus',15,'4/2/16','Jaysen, Adam, Tim, Melissa',39,25,52,39.43113889,77,48,17,77.80469444,'Hackberry','Celtis occidentalis',41.4,NULL,NULL,25,39,-4,21.99277113,'Fair','Partial','Dark marks along one side. Very close to a Norway Spruce',NULL,'Y','Celtis','occidentalis'),('N','W','East Campus',16,'4/2/16','Jaysen, Adam, Tim, Melissa',39,25,52,39.43102778,77,48,16,77.8045,'Norway Spruce','Picea abies',27.4,NULL,NULL,25,34,-3,18.1729074,'Good','Partial','Ivy along bottom. Sharing Space with tree 15.',NULL,'Y','Picea','abies'),('N','W','East Campus',17,'4/2/16','Jaysen, Adam, Tim, Melissa',39,25,52,39.431,77,48,16,77.80452778,'Norway Spruce','Picea abies',24.5,NULL,NULL,22,33,3,13.13399591,'Poor','Partial- shaded','Extensive foreign ivy. Covers entire tree Lots of dead Branches',NULL,'Y','Picea','abies'),('N','W','East Campus',18,'4/2/16','Jaysen, Adam, Tim, Melissa',39,25,52,39.43102778,77,48,17,77.80458333,'Norway Spruce','Picea abies',38.3,NULL,NULL,24,30,3,12.59861976,'Poor','Partial','Thick foreign ivy and lots of it.',NULL,'Y','Picea','abies'),('N','W','East Campus',19,'4/2/16','Jaysen, Adam, Tim, Melissa',39,25,52,39.43119444,77,48,17,77.80461111,'Sugar Maple','Acer saccharum',52.9,NULL,NULL,25,38,4,17.78397036,'Poor','Full','Peeling bark',NULL,'Y','Acer','saccharum'),('N','W','East Campus',20,'4/2/16','Jaysen, Adam, Tim, Melissa',39,25,53,39.43125,77,48,17,77.80466667,'Syberian elm','Ulmus pumila',63.2,NULL,NULL,25,37,5,16.65163466,'Good','Partial','Right next to a build, would be hard to cut down',NULL,'Y','Ulmus','pumila'),('N','W','East Campus',21,'4/2/16','Jaysen, Adam, Tim, Melissa',39,25,58,39.43277778,77,48,12,77.80341667,'Crab Apple','Malus hopa',32.7,NULL,NULL,10,19,-8,4.84868448,'Excellent','Full',NULL,NULL,'Y','Malus','hopa'),('N','W','East Campus',22,'4/2/16','Jaysen, Adam, Tim, Melissa',39,25,57,39.43261111,77,48,12,77.80336111,'Pecan','Carya illinoinensis',78,NULL,NULL,30,30,5,14.69584817,'Good','Full','Overlooking coner of a road and a poweline. Protential safety hazarder although Tree is Healthy. Some branches calling off',NULL,'Y','Carya','illinoinensis'),('N','W','East Campus',23,'4/2/16','Jaysen, Adam, Tim, Melissa',39,25,57,39.43252778,77,48,11,77.80313889,'Black Maple','Acer nigrum',0,NULL,NULL,NULL,NULL,NULL,NULL,NULL,NULL,'Stump, still alive. New growth',NULL,'Y','Acer','nigrum'),('N','W','East Campus',24,'4/2/16','Jaysen, Adam, Tim, Melissa',39,25,58,39.43266667,77,48,12,77.80325,'Unknown Stump',NULL,0,NULL,NULL,NULL,NULL,NULL,NULL,NULL,NULL,'Stump, necxt to no parking sign',NULL,'Y',NULL,NULL),('N','W','East Campus',25,'2/27/16','Jaysen, Adam, Tim, Melissa',39,25,51,39.43083333,77,48,20,77.80555556,'Norway Spruce','Picea abies',30.8,NULL,NULL,23,24,-1,10.64172626,'Fair','Partial','droopy Branches',NULL,'Y','Picea','abies'),('N','W','East Campus',26,'2/27/16','Jaysen, Adam, Tim, Melissa',39.43139,0,0,39.43139,77.80502,0,0,77.80502,'Sugar Maple','Acer saccharum',80,NULL,NULL,25,31,-8,18.53503634,'Fair','Partial','cabling system in place on branch over top of parkinglot',NULL,'Y','Acer','saccharum'),('N','W','East Campus',27,'2/27/16','Jaysen, Adam, Tim, Melissa',39,25,52,39.43111111,77,48,19,77.80527778,'Red Oak','Quercus rubra',64,NULL,NULL,25,35,0,17.50518846,'Excellent','Full','right next to Reynolds and can provide shade',NULL,'Y','Quercus','rubra'),('N','W','East Campus',28,'2/27/16','Jaysen, Adam, Tim, Melissa',39,25,52,39.43111111,77,48,20,77.80555556,'Sugar Maple','Acer saccharum',17.6,NULL,NULL,20,22,-4,9.479060756,'Excellent','Full','young',NULL,'Y','Acer','saccharum'),('N','W','East Campus',29,'2/27/16','Jaysen, Adam, Tim, Melissa',39,26,5,39.43472222,77,48,32,77.80888889,'Cherry','Prunus avium',41,NULL,NULL,25,16,-4,8.916804943,'Excellent','Full',NULL,NULL,'Y','Prunus','avium'),('N','W','East Campus',30,'2/27/16','Jaysen, Adam, Tim, Melissa',39,25,52,39.43111111,77,48,19,77.80527778,'Dogwood','Cornus',18.2,NULL,NULL,15,13,-5,4.77535282,'Fair','Full','One dead branch',NULL,'Y','Cornus','sp.'),('N','W','East Campus',31,'2/27/16','Jaysen, Adam, Tim, Melissa',39,25,55,39.43194444,77,48,18,77.805,'Crab Apple','Malus hopa',11.6,NULL,NULL,15,15,-5,5.331567839,'Fair','Partial','right next to Knutti',NULL,'Y','Malus','hopa'),('N','W','East Campus',32,'2/27/16','Jaysen, Adam, Tim, Melissa',39,25,56,39.43222222,77,48,17,77.80472222,'Unknown Stump',NULL,0,NULL,NULL,NULL,NULL,NULL,NULL,NULL,NULL,'stump',NULL,'Y',NULL,NULL),('N','W','East Campus',33,'2/27/16','Jaysen, Adam, Tim, Melissa',39,25,56,39.43222222,77,48,17,77.80472222,'Unknown Stump',NULL,0,NULL,NULL,NULL,NULL,NULL,NULL,NULL,NULL,'stump',NULL,'Y',NULL,NULL),('N','W','East Campus',34,'2/27/16','Jaysen, Adam, Tim, Melissa',39,25,54,39.43166667,77,48,14,77.80388889,'Norway Spruce','Picea abies',41.1,NULL,NULL,35,31,2,19.80789473,'Fair','Partial','could provide shade',NULL,'Y','Picea','abies'),('N','W','East Campus',35,'2/27/16','Jaysen, Adam, Tim, Melissa',39,25,52,39.43111111,77,48,18,77.805,'Pecan','Carya illinoinensis',81.5,NULL,NULL,35,45,1,34.38907273,'Good','Full','near a building',NULL,'Y','Carya','illinoinensis'),('N','W','East Campus',36,'2/27/16','Jaysen, Adam, Tim, Melissa',39,25,52,39.43111111,77,48,18,77.805,'Japanese Pagoda','Styphnolobium japonicum',15.5,NULL,'15.9',20,26,-2,10.45306716,'Good','Partial',NULL,NULL,'Y','Styphnolobium','japonicum'),('N','W','East Campus',37,'2/27/16','Jaysen, Adam, Tim, Melissa',39,25,52,39.43111111,77,48,18,77.805,'Japanese Snowbell','Styrax japonicus',12,NULL,'13.2',20,26,-2,10.45306716,'Good','Partial','gigantic rock by roots',NULL,'Y','Styrax','japonicus'),('N','W','East Campus',38,'4/2/16','Ella B. Ben L. Jasmin T.',39,26,0,39.4316,77,48,0,77.80428333,'Weeping Crab Apple','Cedrus atlantica',5,NULL,NULL,10,12,-15,4.805057541,'Good','Partial',NULL,'Glauca Pendula','Y','Cedrus','atlantica'),('N','W','East Campus',39,'4/2/16','Ella B. Ben L. Jasmin T.',39,26,0,39.43156667,77,48,0,77.80405,'Japanese Pagoda','Styphnolobium japonicum',10.1,'Taken 40 cm from base (branching Point)',NULL,10,12,-9,3.70941002,'Excellent','Full','Branching at base.',NULL,'Y','Styphnolobium','japonicum'),('N','W','East Campus',40,'4/2/16','Ella B. Ben L. Jasmin T.',39,26,0,39.4315,77,48,0,77.80378333,'Ash ','Fraxinus',7,NULL,NULL,10,32,-10,8.011963326,'Excellent','Full',NULL,NULL,'Y','Fraxinus','sp.'),('N','W','East Campus',41,'4/2/16','Ella B. Ben L. Jasmin T.',39,26,0,39.4321,77,48,0,77.80381667,'Zelkova ','Carpinifolia',32.5,NULL,NULL,20,44,1,18.9646742,'Good','Full','Non-native (elm Family)',NULL,'Y','Carpinifolia','sp.'),('N','W','East Campus',42,'4/2/16','Ella B. Ben L. Jasmin T.',39,26,0,39.432,77,48,0,77.80363333,'Crab Apple','Malus hopa',15,NULL,NULL,10,11,-7,3.1716487,'Excellent','Full','Could use some pruning',NULL,'Y','Malus','hopa'),('N','W','East Campus',43,'4/2/16','Ella B. Ben L. Jasmin T.',39,26,0,39.432,77,48,0,77.80356667,'Sugar Maple','Acer saccharum',14.5,NULL,NULL,10,55,-5,15.1563667,'Dying','Full','Some scarring; branching halfway  up base, shelf fungi, crown is dead',NULL,'Y','Acer','saccharum'),('N','W','East Campus',44,'4/2/16','Ella B. Ben L. Jasmin T.',39,26,0,39.43231667,77,48,0,77.80323333,'Purple Leaf Plum ','Acer saccharum',65,NULL,NULL,40,46,-4,44.21828503,'Good','Full','Branching by electrical cables',NULL,'Y','Acer','saccharum'),('N','W','East Campus',45,'4/2/16','Ella B. Ben L. Jasmin T.',39,26,0,39.43231667,77,48,0,77.80333333,'Crab Apple','Malus hopa',12.5,'Taken 72 cm from base (branching Point)',NULL,10,24,-11,6.396089944,'Fair','Full','Bark is flaking, branches growing straight up and straight down',NULL,'Y','Malus','hopa'),('N','W','East Campus',46,'4/2/16','Ella B. Ben L. Jasmin T.',39,26,0,39.43263333,77,48,0,77.8032,'Sugar Maple','Acer saccharum',13.9,NULL,NULL,15,40,-12,15.77484289,'Fair','Full','Some branching are dead',NULL,'Y','Acer','saccharum'),('N','W','East Campus',47,'4/2/16','Ella B. Ben L. Jasmin T.',39,26,0,39.43265,77,48,0,77.80321667,'Crab Apple','Malus hopa',10.3,NULL,NULL,10,19,-13,5.751958044,'Good','Full','Some dead branches',NULL,'Y','Malus','hopa'),('N','W','East Campus',48,'4/2/16','Ella B. Ben L. Jasmin T.',39,26,0,39.4328,77,48,0,77.80385,'Ash ','Fraxinus',19.5,NULL,NULL,12,28,-3,7.009406531,'Good','Partial','Right behind Library',NULL,'Y','Fraxinus','sp.'),('N','W','East Campus',49,'4/2/16','Ella B. Ben L. Jasmin T.',39,26,0,39.43286667,77,48,0,77.8038,'Ash ','Fraxinus',20.6,NULL,NULL,12,33,-8,9.479381135,'Good','Partial',NULL,NULL,'Y','Fraxinus','sp.'),('N','W','East Campus',50,'2/27/16','Group 3',39,25,51,39.43080583,77,48,19,77.80532194,'Sugar Maple','Acer saccharum',86,NULL,NULL,30,35,-7,24.68976297,'Good','Full','wiring system, divison in bark, large branch cut off, vine system (European Ivay) that ideally should be Removed',NULL,'Y','Acer','saccharum'),('N','W','East Campus',51,'2/27/16','Group 3',39.43105,0,0,39.43105,77.80504,0,0,77.80504,'Sugar Maple','Acer saccharum',87,NULL,NULL,32,31,-7,23.15664576,'Fair','Full','leaning; wiring syste,; multple splits; European Ivory (Should ideally be removed)',NULL,'Y','Acer','saccharum'),('N','W','East Campus',52,'2/27/16','Group 3',39.43105,0,0,39.43105,77.8051,0,0,77.8051,'Sugar Maple','Acer saccharum',72,NULL,NULL,30,30,-6,20.47363513,'Good','Full',NULL,NULL,'Y','Acer','saccharum'),('N','W','East Campus',53,'2/27/16','Group 3',39,25,54,39.43157472,77,48,18,77.80505333,'Bradford Pear','Pyrus calleryana',28.4,NULL,NULL,33,20,-3,13.74047445,'Excellent','Partial','Ivasive species; branches can be very brittle',NULL,'Y','Pyrus','calleryana'),('N','W','East Campus',54,'2/27/16','Group 3',39.43148,0,0,39.43148,77.80476,0,0,77.80476,'Crab Apple','Malus hopa',16,NULL,NULL,30,8,-4,6.314029399,'Poor','Partial','Bark is getting Weary; suckers; old tree',NULL,'Y','Malus','hopa'),('N','W','East Campus',55,'2/27/16','Group 3',39,25,53,39.43131556,77,48,18,77.80508194,'Dogwood','Cornus',12.5,NULL,'14',30,6,-4,5.250931416,'Fair','Full','tree split into 2 below DBH; have open wounds that are healing over; decay within; all branches have buds with in canopy',NULL,'Y','Cornus','sp.'),('N','W','East Campus',56,'2/27/16','Group 3',39,25,55,39.43204389,77,48,17,77.8047425,'Crab Apple','Malus hopa',11.2,NULL,NULL,10,11,-7,3.1716487,'Good','Full',NULL,NULL,'Y','Malus','hopa'),('N','W','East Campus',57,'2/27/16','Group 3',39.43139,0,0,39.43139,77.80476,0,0,77.80476,'Sugar Maple','Acer saccharum',68,NULL,NULL,28,33,0,18.18341261,'Good','Full','Some wear on bark',NULL,'Y','Acer','saccharum'),('N','W','East Campus',58,'2/27/16','Group 3',39,25,54,39.43163333,77,48,18,77.80487472,'Sugar Maple','Acer saccharum',27.4,NULL,NULL,21,25,-1,10.15901718,'Excellent','Full',NULL,NULL,'Y','Acer','saccharum'),('N','W','East Campus',59,'4/2/16','Alyssa, et. Al',39,25,54,39.43170222,77,48,15,77.80406028,'Sugar Maple','Acer saccharum',57,NULL,NULL,30,39,1,23.76986905,'Fair','Full','Bark is starting to fall apart',NULL,'Y','Acer','saccharum'),('N','W','East Campus',60,'4/2/16','Alyssa, et. Al',39,25,54,39.43170389,77,48,15,77.80419889,'Serviceberry','Amelanchier',4,NULL,NULL,5,33,-9,3.977273506,'Excellent','Partial',NULL,NULL,'Y','Amelanchier','sp.'),('N','W','East Campus',61,'4/2/16','Alyssa, et. Al',39,25,51,39.4309475,77,48,15,77.80407028,'Norway Spruce','Picea abies',35,NULL,NULL,30,36,-5,24.42093575,'Fair','Shaded','Missing Branches',NULL,'Y','Picea','abies'),('N','W','East Campus',62,'4/2/16','Alyssa, et. Al',39,25,52,39.43102167,77,48,17,77.80461944,'Silver Maple','Acer saccharinum',146.6,NULL,NULL,20,54,-2,28.2260538,'Good','Full','Branch Running into Norway Spruce beside it',NULL,'Y','Acer','saccharinum'),('N','W','East Campus',63,'4/2/16','Alyssa, et. Al',39,25,52,39.43122056,77,48,16,77.80450111,'Norway Spruce','Picea abies',53.5,NULL,NULL,20,35,-3,15.05230635,'Fair','Shaded','Branches towards the bottom are dead that can be cut off',NULL,'Y','Picea','abies'),('N','W','East Campus',64,'4/2/16','Alyssa, et. Al',39,25,51,39.43079639,77,48,19,77.80523194,'Norway Spruce','Picea abies',58,NULL,NULL,20,32,-4,13.89592328,'Fair','Shaded','Dead brances, cut down branches',NULL,'Y','Picea','abies'),('N','W','East Campus',65,'4/2/16','Alyssa, et. Al',39,25,56,39.43229583,77,48,13,77.80372556,'Zelkova ','Carpinifolia',28,NULL,NULL,20,41,0,17.38573476,'Good','Full','Some bark is falling off, but overall good',NULL,'Y','Carpinifolia','sp.'),('N','W','East Campus',66,'4/2/16','Alyssa, et. Al',39,25,58,39.43283306,77,48,14,77.8037575,'Bradford Pear','Pyrus calleryana',33.5,NULL,NULL,20,40,-10,20.30853224,'Fair','Partial/Full','Broken branches, one branch is cracked MAY break ',NULL,'Y','Pyrus','calleryana'),('N','W','East Campus',67,'4/2/16','Alyssa, et. Al',39,25,54,39.43161111,77,48,14,77.80389167,'Bradford Pear','Pyrus calleryana',26,NULL,NULL,20,36,-10,18.05739017,'Good','Partial',NULL,NULL,'Y','Pyrus','calleryana'),('N','W','East Campus',68,'4/2/16','Alyssa, et. Al',39,25,57,39.43245306,77,48,14,77.80393028,'Crab Apple','Malus hopa',34.5,NULL,NULL,12,28,-4,7.219634923,'Good','Partial','Dead tree limb that can be cut off',NULL,'Y','Malus','hopa'),('N','W','East Campus',69,'4/2/16','Alyssa, et. Al',39,25,57,39.43260528,77,48,14,77.80388306,'Bradford Pear','Pyrus calleryana',39.5,NULL,NULL,20,29,-1,11.43528233,'Good','Full','Scar from broken branch, cut off branches',NULL,'Y','Pyrus','calleryana'),('N','W','East Campus',70,'4/2/16','Alyssa, et. Al',39,25,58,39.43286833,77,48,13,77.80370461,'Bradford Pear','Pyrus calleryana',21,NULL,NULL,20,35,-3,15.05230635,'Good','Partial','Pointed Broken Branch',NULL,'Y','Pyrus','calleryana'),('N','W','East Campus',71,'4/2/16','Alyssa, et. Al',39,25,57,39.43237056,77,48,14,77.80396611,'Crab Apple','Malus Hopa',23.4,NULL,NULL,20,27,-4,11.58904523,'Good','Partial','Right beside a building',NULL,'Y','Malus','Hopa'),('N','W','East Campus',72,'4/2/16','Jaysen, Adam, Tim, Melissa',39,25,53,39.43138889,77,48,16,77.80444444,'Norway Spruce','Picea abies',26,NULL,NULL,20,23,4,7.090960085,'Good','Partial','Singe marks along side of tree, tagged with orange Ribbon',NULL,'Y','Picea','abies'),('N','W','East Campus',73,'4/23/16','Ben, Dr. Lesser, Ella',39,27,0,39.44176667,77,49,0,77.81308333,'River Birch','Betula nigra',2.2,NULL,NULL,10,9,-4,2.283112523,'Excellent','Full','Part of 2016 Communitree Arbor Day',NULL,'Y','Betula','nigra'),('N','W','East Campus',74,'4/23/16','Ben, Dr. Lesser, Ella',39,27,0,39.4418,77,49,0,77.81313333,'Eastern Redbud','Cercis canadensis',1,NULL,NULL,NULL,NULL,NULL,1.9,'Excellent','Full','Part of 2016 Communitree Arbor Day',NULL,'Y','Cercis','canadensis'),('N','W','East Campus',75,'4/23/16','Ben, Dr. Lesser, Ella',39,27,0,39.44178333,77,49,0,77.81321667,'Red Maple','Acer rubrum',2,NULL,NULL,NULL,NULL,NULL,2.75,'Excellent','Full','Part of 2016 Communitree Arbor Day',NULL,'Y','Acer','rubrum'),('N','W','East Campus',76,'4/23/16','Ben, Dr. Lesser, Ella',39,27,0,39.44176667,77,49,0,77.81326667,'Crape Myrtle (Natchez)','Lagerstroemia',1.5,'Multiple Stems',NULL,NULL,NULL,NULL,2.7,'Excellent','Full','Part of 2016 Communitree Arbor Day',NULL,'Y','Lagerstroemia','sp.'),('N','W','East Campus',77,'4/23/16','Ben, Dr. Lesser, Ella',39,27,0,39.44176667,77,49,0,77.81331667,'Willow Oak','Quercus phellos',3,NULL,NULL,10,3,-6,1.575120145,'Excellent','Full','Part of 2016 Communitree Arbor Day',NULL,'Y','Quercus','phellos'),('N','W','East Campus',78,'4/23/16','Ben, Dr. Lesser, Ella',39,27,0,39.44181667,77,49,0,77.81338333,'Serviceberry','Amelanchier',1.3,NULL,NULL,NULL,NULL,NULL,2.35,'Excellent','Full','Part of 2016 Communitree Arbor Day',NULL,'Y','Amelanchier','sp.'),('N','W','East Campus',79,'4/23/16','Ben, Dr. Lesser, Ella',39,27,0,39.4418,77,49,0,77.81341667,'Red Maple','Acer rubrum',2.3,NULL,NULL,NULL,NULL,NULL,3.37,'Excellent','Full','Part of 2016 Communitree Arbor Day',NULL,'Y','Acer','rubrum'),('N','W','East Campus',80,'4/23/16','Ben, Dr. Lesser, Ella',39,27,0,39.44181667,77,49,0,77.81346667,'Eastern Redbud','Cercis canadensis',1.3,NULL,NULL,NULL,NULL,NULL,2.1,'Excellent','Full','Part of 2016 Communitree Arbor Day',NULL,'Y','Cercis','canadensis'),('N','W','East Campus',81,'4/23/16','Ben, Dr. Lesser, Ella',39,27,0,39.4418,77,49,0,77.81351667,'River Birch','Betula nigra',2.5,NULL,NULL,10,11,-9,3.527647495,'Excellent','Full','Part of 2016 Communitree Arbor Day',NULL,'Y','Betula','nigra'),('N','W','East Campus',82,'4/23/16','Ben, Dr. Lesser, Ella',39,27,0,39.44181667,77,49,0,77.8136,'Crape Myrtle (Pink)','Lagerstroemia',1.3,'Multiple Stems',NULL,NULL,NULL,NULL,2.3,'Excellent','Full','Part of 2016 Communitree Arbor Day',NULL,'Y','Lagerstroemia','sp.'),('N','W','East Campus',83,'4/23/16','Ben, Dr. Lesser, Ella',39,27,0,39.44181667,77,49,0,77.81363333,'Black Oak','Quercus velutina',1.1,NULL,NULL,NULL,NULL,NULL,1.5,'Excellent','Full','Part of 2016 Communitree Arbor Day',NULL,'Y','Quercus','velutina'),('N','W','East Campus',84,'4/23/16','Ben, Dr. Lesser, Ella',39,27,0,39.44181667,77,49,0,77.81368333,'Eastern Redbud','Cercis canadensis',1.3,NULL,NULL,NULL,NULL,NULL,2.5,'Excellent','Full','Part of 2016 Communitree Arbor Day',NULL,'Y','Cercis','canadensis'),('N','W','East Campus',85,'4/23/16','Ben, Dr. Lesser, Ella',39,27,0,39.44183333,77,49,0,77.81376667,'Black Oak','Quercus velutina',1.3,NULL,NULL,NULL,NULL,NULL,1.47,'Excellent','Full','Part of 2016 Communitree Arbor Day',NULL,'Y','Quercus','velutina'),('N','W','East Campus',86,'4/23/16','Ben, Dr. Lesser, Ella',39,27,0,39.44185,77,49,0,77.81381667,'Serviceberry','Amelanchier',1.2,NULL,NULL,NULL,NULL,NULL,2.44,'Excellent','Full','Part of 2016 Communitree Arbor Day',NULL,'Y','Amelanchier','sp.'),('N','W','East Campus',87,'4/23/16','Ben, Dr. Lesser, Ella',39,27,0,39.44186667,77,49,0,77.81385,'Willow Oak','Quercus phellos',3.2,NULL,NULL,NULL,NULL,NULL,2.48,'Excellent','Full','Part of 2016 Communitree Arbor Day',NULL,'Y','Quercus','phellos'),('N','W','East Campus',88,'4/23/16','Ben, Dr. Lesser, Ella',39,27,0,39.44188333,77,49,0,77.81395,'Eastern Redbud','Cercis canadensis',1.1,NULL,NULL,NULL,NULL,NULL,1.4,'Excellent','Full','Part of 2016 Communitree Arbor Day',NULL,'Y','Cercis','canadensis'),('N','W','East Campus',89,'4/23/16','Ben, Ella, Demian, Rodney, Ferris',39.43244,0,0,39.43244,77.8042,0,0,77.8042,'Cherry','Prunus avium',15.7,'Splits 0.8 meters up',NULL,15,23,0,6.367122243,'Good','Full','Extensive Pruning',NULL,'Y','Prunus','avium'),('N','W','East Campus',90,'4/23/16','Ben, Ella, Demian, Rodney, Ferris',39.43246,0,0,39.43246,77.80458,0,0,77.80458,'Dogwood','Cornus',3.2,'Branches .35 meters up',NULL,10,6,-4,1.750310472,'Good','Full','Some broken branches',NULL,'Y','Cornus','sp.'),('N','W','East Campus',91,'4/23/16','Ben, Ella, Demian, Rodney, Ferris',39,25,57,39.43261111,77,48,17,77.80463889,'Mulberry','Morus alba',7.3,NULL,NULL,10,6,-3,1.575120145,'Good','Full','Planted in memory of Mrs. Carl Bell, Pest hole/ split neat base',NULL,'Y','Morus','alba'),('N','W','East Campus',92,'4/23/16','Ben, Ella, Demian, Rodney, Ferris',39,25,56,39.43211111,77,48,18,77.80494444,'Sugar Maple','Acer saccharum',34.8,NULL,NULL,20,25,-1,9.675254462,'Excellent','Full','a squirrel lives here',NULL,'Y','Acer','saccharum'),('N','W','East Campus',93,'4/23/16','Ben, Ella, Demian, Rodney, Ferris',39,25,55,39.43191667,77,48,17,77.80461111,'Black Walnut','Juglans nigra',50.5,NULL,NULL,20,38,-5,17.3754858,'Good','Full','Pruning',NULL,'Y','Juglans','nigra'),('N','W','East Campus',94,'4/23/16','Ben, Ella, Demian, Rodney, Ferris',39,25,59,39.43291667,77,48,16,77.80452778,'Dogwood','Cornus',28,'split stem 0.41 m up',NULL,15,30,-1,8.922080012,'Good','Full','Moss growing on it',NULL,'Y','Cornus','sp.'),('N','W','East Campus',95,'4/23/16','Ben, Ella, Demian, Rodney, Ferris',39,25,59,39.43316667,77,48,16,77.80455556,'Dogwood','Cornus',13.2,NULL,NULL,10,15,-9,4.080685857,'Fair','Full','Pruning, scars, hole near base',NULL,'Y','Cornus','sp.'),('N','W','East Campus',96,'4/23/16','Ben, Ella, Demian, Rodney, Ferris',39,25,59,39.43308333,77,48,16,77.80452778,'Green Ash','Fraxinus pennsylvanica',25.6,NULL,NULL,15,32,1,9.111214305,'Good','Full','healed over scars, plugged holes',NULL,'Y','Fraxinus','pennsylvanica'),('N','W','East Campus',97,'4/23/16','Ben, Ella, Demian, Rodney, Ferris',39,25,59,39.43313889,77,48,16,77.80447222,'Green Ash','Fraxinus pennsylvanica',24.6,NULL,NULL,12,27,-7,7.456394027,'Good','Full','Plugged Holes at base, tree crown lacks buds unlike the rest of branches',NULL,'Y','Fraxinus','pennsylvanica'),('N','W','East Campus',98,'4/23/16','Ben, Ella, Demian, Rodney, Ferris',39,26,0,39.43336111,77,48,16,77.8045,'Green Ash','Fraxinus pennsylvanica',17.5,NULL,NULL,18,18,-4,7.107237147,'Fair','Full','Soft rot, pluged, insect investation',NULL,'Y','Fraxinus','pennsylvanica'),('N','W','East Campus',99,'4/23/16','Ben, Ella, Demian, Rodney, Ferris',39,26,0,39.43333333,77,48,16,77.80441667,'Green Ash','Fraxinus pennsylvanica',15,NULL,NULL,15,20,-3,5.966692732,'Fair','Full','Pluged at base, insect investation, some scaring',NULL,'Y','Fraxinus','pennsylvanica'),('N','W','East Campus',100,'4/2/16','Jaysen, Adam, Tim, Melissa',39,25,58,39.43275,77,48,11,77.80316667,'Cherry','Prunus avium',47,NULL,NULL,20,11,7,1.431914965,'Excellent','Full',NULL,NULL,'Y','Prunus','avium'),('N','W','East Campus',101,'4/2/16','Jaysen, Adam, Tim, Melissa',39,25,53,39.43133333,77,48,13,77.8035,'Crab Apple','Malus hopa',36.9,NULL,NULL,20,12,-5,6.000904504,'Good','Full','Deep hole through center of tree',NULL,'Y','Malus','hopa'),('N','W','East Campus',102,'4/2/16','Jaysen, Adam, Tim, Melissa',39,25,58,39.43280556,77,48,13,77.80347222,'Crab Apple','Malus hopa',33.8,NULL,NULL,20,9,-6,5.269773512,'Excellent','Full',NULL,NULL,'Y','Malus','hopa'),('N','W','East Campus',103,'4/2/16','Jaysen, Adam, Tim, Melissa',NULL,NULL,NULL,NULL,NULL,NULL,NULL,NULL,NULL,NULL,0,NULL,NULL,NULL,NULL,NULL,NULL,NULL,NULL,'Counted twice please see tree 115',NULL,'N',NULL,NULL),('N','W','East Campus',104,'4/2/16','Jaysen, Adam, Tim, Melissa',39,25,59,39.43305556,77,48,12,77.80325,'Magnolia','Magnolia grandiflora',15.7,NULL,NULL,12,25,3,4.966798546,'Excellent','Full','Two praying mantis nests',NULL,'Y','Magnolia','grandiflora'),('N','W','East Campus',105,'4/2/16','Jaysen, Adam, Tim, Melissa',39,25,60,39.43330556,77,48,13,77.80363889,'Cherry','Prunus avium',17.6,NULL,NULL,15,13,6,1.886459338,'Excellent','Full',NULL,NULL,'Y','Prunus','avium'),('N','W','East Campus',106,'4/23/16','Jaysen, Tim, Tanai, Adam, Dr. Lesser, Dr. Plautz, Emily, Tim F. Sncha',39,26,0,39.4325,77,48,0,77.80425,'Sugar Maple','Acer saccharum',20.4,NULL,NULL,20,30,-7,14.0026966,'Excellent','Full',NULL,NULL,'Y','Acer','saccharum'),('N','W','East Campus',107,'4/23/16','Jaysen, Tim, Tanai, Adam, Dr. Lesser, Dr. Plautz, Emily, Tim F. Sncha',39,26,0,39.4325,77,48,0,77.80431667,'Dogwood','Cornus',7.3,NULL,NULL,10,1,-7,1.402396258,'Excellent','Full',NULL,NULL,'Y','Cornus','sp.'),('N','W','East Campus',108,'4/23/16','Jaysen, Tim, Tanai, Adam, Dr. Lesser, Dr. Plautz, Emily, Tim F. Sncha',39,26,0,39.43256667,77,48,0,77.80438333,'Dogwood','Cornus',7.3,NULL,NULL,5,-3,-23,1.860335185,'Excellent','Full',NULL,NULL,'Y','Cornus','sp.'),('N','W','East Campus',109,'4/23/16','Jaysen, Tim, Tanai, Adam, Dr. Lesser, Dr. Plautz, Emily, Tim F. Sncha',39,26,0,39.43261667,77,48,0,77.80445,'Dogwood','Cornus',10.2,NULL,NULL,5,5,-25,2.768981608,'Good','Full','Some of the leaves are shriveld or dying',NULL,'Y','Cornus','sp.'),('N','W','East Campus',110,'4/23/16','Jaysen, Tim, Tanai, Adam, Dr. Lesser, Dr. Plautz, Emily, Tim F. Sncha',39,26,0,39.43273333,77,48,0,77.80453333,'Dogwood','Cornus',32.4,'spilt below breast hight',NULL,20,25,-9,12.49384197,'Good','Full','Tons of weed coverring base by the library',NULL,'Y','Cornus','sp.'),('N','W','East Campus',111,'4/23/16','Jaysen, Tim, Tanai, Adam, Dr. Lesser, Dr. Plautz, Emily, Tim F. Sncha',39,26,0,39.43271667,77,48,0,77.80461667,'Eastern Redbud','Cercis canadensis',21.4,NULL,NULL,10,15,-10,4.442761731,'Good','Full','Roots that are exposed have been cut; the bark on the trunk of the tree looks loose',NULL,'Y','Cercis','canadensis'),('N','W','East Campus',112,'4/23/16','Jaysen, Tim, Tanai, Adam, Dr. Lesser, Dr. Plautz, Emily, Tim F. Sncha',39,26,0,39.43266667,77,48,0,77.80465,'Eastern Redbud','Cercis canadensis',8.3,NULL,NULL,10,14,-8,3.898688375,'Good','Full','Part of the tree looks poorly cut',NULL,'Y','Cercis','canadensis'),('N','W','East Campus',113,'4/23/16','Jaysen, Tim, Tanai, Adam, Dr. Lesser, Dr. Plautz, Emily, Tim F. Sncha',39,26,0,39.4326,77,48,0,77.80466667,'Eastern Redbud','Cercis canadensis',11.3,NULL,NULL,10,8,-5,2.280294982,'Excellent','Full','Gentle',NULL,'Y','Cercis','canadensis'),('N','W','East Campus',114,'4/23/16','Jaysen, Tim, Tanai, Adam, Dr. Lesser, Dr. Plautz, Emily, Tim F. Sncha',39,26,0,39.43238333,77,48,0,77.80485,'Magnolia','Magnolia grandiflora',15.4,NULL,NULL,10,34,-5,7.619971804,'Excellent','Partial','Planted in memory of Mr. Parel Saab Biology Professor, right next to Snyder Hall',NULL,'Y','Magnolia','grandiflora'),('N','W','East Campus',115,'4/23/16','Jaysen, Tim, Tanai, Adam, Dr. Lesser, Dr. Plautz, Emily, Tim F. Sncha',39,26,0,39.4321,77,48,0,77.80473333,'Sugar Maple','Acer saccharum',69,NULL,NULL,20,39,-2,16.89409605,'Fair','Full','There\'s a cable going through the tree; near Snyder Hall; branches overlook the sidewalk and part of the load lot of rot in bottom of stem',NULL,'Y','Acer','saccharum'),('N','W','East Campus',116,'4/23/16','Jaysen, Tim, Tanai, Adam, Dr. Lesser, Dr. Plautz, Emily, Tim F. Sncha',39,26,0,39.43211667,77,48,0,77.80455,'Cherry','Prunus avium',17,NULL,NULL,15,14,-4,4.788822222,'Good','Full',NULL,NULL,'Y','Prunus','avium'),('N','W','East Campus',117,'4/23/16','Jaysen, Tim, Tanai, Adam, Dr. Lesser, Dr. Plautz, Emily, Tim F. Sncha',39,26,0,39.43278333,77,48,0,77.80448333,'Crab Apple','Malus hopa',10,NULL,NULL,10,15,-8,4.084900271,'Good','Partial','A wound near the base',NULL,'Y','Malus','hopa'),('N','W','East Campus',118,'4/23/16','Jaysen, Tim, Tanai, Adam, Dr. Lesser, Dr. Plautz, Emily, Tim F. Sncha',39,26,0,39.433,77,48,0,77.80443333,'Dogwood','Cornus',19,NULL,NULL,10,16,-8,4.272862205,'Good','Partial','There is foreign ivy growing on it',NULL,'Y','Cornus','sp.'),('N','W','East Campus',119,'4/23/16','Jaysen, Tim, Tanai, Adam, Dr. Lesser, Dr. Plautz, Emily, Tim F. Sncha',39,26,0,39.433,77,48,0,77.80441667,'Magnolia','Magnolia grandiflora',33.6,'Multiple stems',NULL,15,39,-1,12.40858647,'Excellent','Full','by library',NULL,'Y','Magnolia','grandiflora'),('N','W','East Campus',120,'4/23/16','Jaysen, Tim, Tanai, Adam, Dr. Lesser, Dr. Plautz, Emily, Tim F. Sncha',39,26,0,39.4331,77,48,0,77.80433333,'Dogwood','Cornus',5,NULL,NULL,10,16,-8,4.272862205,'Excellent','Partial',NULL,NULL,'Y','Cornus','sp.'),('N','W','East Campus',121,'4/23/16','Jaysen, Tim, Tanai, Adam, Dr. Lesser, Dr. Plautz, Emily, Tim F. Sncha',39,26,0,39.43313333,77,48,0,77.80428333,'Dogwood','Cornus',1,'At 0.75 m up',NULL,NULL,NULL,NULL,1.5,'Good','Shaded','Surround by bushes because it is so smaall/short',NULL,'Y','Cornus','sp.'),('N','W','East Campus',122,'4/23/16','Jaysen, Tim, Tanai, Adam, Dr. Lesser, Dr. Plautz, Emily, Tim F. Sncha',39,26,0,39.43331667,77,48,0,77.80426667,'Green Ash','Fraxinus pennsylvanica',10,NULL,NULL,9,15,-9,3.837002695,'Excellent','Full',NULL,NULL,'Y','Fraxinus','pennsylvanica'),('N','W','East Campus',123,'4/23/16','Jaysen, Tim, Tanai, Adam, Dr. Lesser, Dr. Plautz, Emily, Tim F. Sncha',39,26,0,39.433335,77,48,0,77.80401667,'Green Ash','Fraxinus pennsylvanica',12.3,NULL,NULL,10,35,-6,8.053117735,'Good','Partial','By Byrd Legislation Building',NULL,'Y','Fraxinus','pennsylvanica'),('N','W','East Campus',124,'4/23/16','Jaysen, Tim, Tanai, Adam, Dr. Lesser, Dr. Plautz, Emily, Tim F. Sncha',39,26,0,39.43335,77,48,0,77.80401667,'Green Ash','Fraxinus pennsylvanica',14,NULL,NULL,11,33,-5,8.105858824,'Good','Partial',NULL,NULL,'Y','Fraxinus','pennsylvanica'),('N','W','East Campus',125,'4/2/16','Jaysen, Tim, Tanai, Adam, Dr. Lesser, Dr. Plautz, Emily, Tim F. Sncha',39,26,0,39.4329,77,48,0,77.80375,'Ash ','Fraxinus',22.7,NULL,NULL,15,50,-5,19.18863384,'Good','Partial','Tilting toward parking lot',NULL,'Y','Fraxinus','sp.'),('N','W','East Campus',126,'4/2/16','Jaysen, Tim, Tanai, Adam, Dr. Lesser, Dr. Plautz, Emily, Tim F. Sncha',39,26,0,39.43296667,77,48,0,77.80376667,'Ash ','Fraxinus',13,NULL,NULL,15,43,-8,16.09583881,'Good','Partial',NULL,NULL,'Y','Fraxinus','sp.'),('N','W','East Campus',127,'4/2/16','Jaysen, Tim, Tanai, Adam, Dr. Lesser, Dr. Plautz, Emily, Tim F. Sncha',39,26,0,39.43301667,77,48,0,77.80371667,'Ash ','Fraxinus',24.2,NULL,NULL,15,52,-6,20.77568801,'Good','Partial',NULL,NULL,'Y','Fraxinus','sp.'),('N','W','East Campus',128,'4/2/16','Jaysen, Tim, Tanai, Adam, Dr. Lesser, Dr. Plautz, Emily, Tim F. Sncha',39,26,0,39.4331,77,48,0,77.80363333,'Ash ','Fraxinus',17.5,NULL,NULL,15,45,-5,16.31232995,'Good','Full',NULL,NULL,'Y','Fraxinus','sp.'),('N','W','East Campus',129,'4/2/16','Jaysen, Tim, Tanai, Adam, Dr. Lesser, Dr. Plautz, Emily, Tim F. Sncha',39,26,0,39.43315,77,48,0,77.80365,'Unknown Stump',NULL,0,NULL,NULL,NULL,NULL,NULL,NULL,NULL,NULL,'Stump',NULL,'Y',NULL,NULL),('N','W','East Campus',130,'4/23/16','Jaysen, Tim, Tanai, Adam, Dr. Lesser, Dr. Plautz, Emily, Tim F. Sncha',39,26,0,39.43341667,77,48,0,77.80428333,'Green Ash','Fraxinus pennsylvanica',16,NULL,NULL,10,30,-5,6.648389327,'Fair','Full','One branch is dead and the tree has been pruned',NULL,'Y','Fraxinus','pennsylvanica'),('N','W','East Campus',131,'4/23/16','Jaysen, Tim, Tanai, Adam, Dr. Lesser, Dr. Plautz, Emily, Tim F. Sncha',39,26,0,39.43341667,77,48,0,77.804,'Dogwood','Cornus',4.3,NULL,NULL,NULL,NULL,NULL,2.6,'Good','Full',NULL,NULL,'Y','Cornus','sp.'),('N','W','East Campus',132,'4/23/16','Jaysen, Tim, Tanai, Adam, Dr. Lesser, Dr. Plautz, Emily, Tim F. Sncha',39,26,0,39.43336667,77,48,0,77.80391667,'Green Ash','Fraxinus pennsylvanica',21.1,NULL,NULL,10,35,-11,8.945878473,'Good','Full',NULL,NULL,'Y','Fraxinus','pennsylvanica'),('N','W','East Campus',133,'4/23/16','Jaysen, Tim, Tanai, Adam, Dr. Lesser, Dr. Plautz, Emily, Tim F. Sncha',39,26,0,39.43335,77,48,0,77.8038,'Cherry','Prunus avium',15.5,NULL,NULL,10,15,-8,4.084900271,'Good','Full','Pruned',NULL,'Y','Prunus','avium'),('N','W','East Campus',134,'4/23/16','Jaysen, Tim, Tanai, Adam, Dr. Lesser, Dr. Plautz, Emily, Tim F. Sncha',39,26,0,39.43285,77,48,0,77.80293333,'Crape Myrtle','Lagerstroemia',16.8,'Multiple stems',NULL,10,32,-10,8.011963326,'Fair','Full','Bag Worms in 2 locations; between two power line poles',NULL,'Y','Lagerstroemia','sp.'),('N','W','East Campus',135,'4/23/16','Jaysen, Tim, Tanai, Adam, Dr. Lesser, Dr. Plautz, Emily, Tim F. Sncha',39,26,0,39.43358333,77,48,0,77.80335,'Hackberry','Celtis occidentalis',31.5,NULL,NULL,17,35,-7,13.99086568,'Excellent','Partial',NULL,NULL,'Y','Celtis','occidentalis'),('N','W','East Campus',136,'4/23/16','Jaysen, Tim, Tanai, Adam, Dr. Lesser, Dr. Plautz, Emily, Tim F. Sncha',39,26,0,39.4336,77,48,0,77.80331667,'Red Oak','Quercus rubra',58.5,NULL,NULL,25,33,-6,18.86279571,'Good','Full','Super straight, cut at the top, all the branches are growing out from one side',NULL,'Y','Quercus','rubra'),('N','W','East Campus',137,'4/23/16','Jaysen, Tim, Tanai, Adam, Dr. Lesser, Dr. Plautz, Emily, Tim F. Sncha',39,26,0,39.43363333,77,48,0,77.80373333,'Hackberry','Celtis occidentalis',49.5,NULL,NULL,20,29,-9,14.25386984,'Good','Full','At a corner overlooking parts of the parking lot',NULL,'Y','Celtis','occidentalis'),('N','W','East Campus',138,'4/23/16','Jaysen, Tim, Tanai, Adam, Dr. Lesser, Dr. Plautz, Emily, Tim F. Sncha',39,26,0,39.43351667,77,48,0,77.80436667,'Dogwood','Cornus',3,NULL,NULL,NULL,NULL,NULL,2.4,'Excellent','Full',NULL,NULL,'N','Cornus','sp.'),('N','W','East Campus',139,NULL,NULL,NULL,NULL,NULL,NULL,NULL,NULL,NULL,NULL,NULL,NULL,0,NULL,NULL,NULL,NULL,NULL,NULL,NULL,NULL,'Recorded twice see tree 148',NULL,'Y',NULL,NULL),('N','W','East Campus',140,'4/23/16','Ben, Ella, Demian, Rodney, Ferris',39,26,0,39.43344444,77,48,15,77.80427778,'Green Ash','Fraxinus pennsylvanica',22.6,NULL,NULL,15,22,-4,6.826096436,'Fair','Full','Some Vertical branching, branch rot',NULL,'Y','Fraxinus','pennsylvanica'),('N','W','East Campus',141,'4/23/16','Ben, Ella, Demian, Rodney, Ferris',39,26,0,39.43338889,77,48,15,77.80419444,'Unknown Stump',NULL,0,NULL,NULL,NULL,NULL,NULL,NULL,NULL,NULL,'Stump',NULL,'Y',NULL,NULL),('N','W','East Campus',142,'4/23/16','Ben, Ella, Demian, Rodney, Ferris',39,26,1,39.43372222,77,48,12,77.80344444,'Eastern Hemlock','Tsuga canadensis',12.4,NULL,NULL,15,15,-9,6.25503037,'Good','Full','Split stem, bush honeysuckle growing beneath, tailgater damage',NULL,'Y','Tsuga','canadensis'),('N','W','East Campus',143,'4/23/16','Ben, Ella, Demian, Rodney, Ferris',39,26,1,39.43358333,77,48,14,77.80375,'Eastern Hemlock','Tsuga canadensis',22.1,NULL,NULL,15,14,-7,5.581688456,'Dying','Full','Destroyed by Wooly Adelgid; Could recover if treated ',NULL,'Y','Tsuga','canadensis'),('N','W','East Campus',144,'7/11/16','Dr. Lesser, Rodney, Benjamin',39.43419,0,0,39.43419,77.80369,0,0,77.80369,'Yellow Oak','Quercus muehlenbergii',72,NULL,NULL,25,36,-4,19.6926287,'Excellent','Full','Doing very well in spot',NULL,'Y','Quercus','muehlenbergii'),('N','W','East Campus',145,'7/11/16','Dr. Lesser, Rodney, Benjamin',39.43376,0,0,39.43376,77.80401,0,0,77.80401,'Weeping Cherry','Prunus subhirtella',29.2,NULL,NULL,10,7,-8,2.633253956,'Good','Partial','Oriental Flowering Cherry','Pendula','Y','Prunus','subhirtella'),('N','W','East Campus',146,'7/11/16','Dr. Lesser, Rodney, Benjamin',39.43375,0,0,39.43375,77.80393,0,0,77.80393,'Weeping Cherry','Prunus subhirtella',28.9,NULL,NULL,10,7,-8,2.633253956,'Good','Partial',NULL,'Pendula','Y','Prunus','subhirtella'),('N','W','East Campus',147,'7/11/16','Dr. Lesser, Rodney, Benjamin',39.43364,0,0,39.43364,77.8041,0,0,77.8041,'Weeping Cherry','Prunus subhirtella',25.8,NULL,NULL,10,5,-8,2.280294982,'Good','Partial',NULL,'Pendula','Y','Prunus','subhirtella'),('N','W','East Campus',148,'7/11/16','Dr. Lesser, Rodney, Benjamin',39.43382,0,0,39.43382,77.80432,0,0,77.80432,'Green Ash','Fraxinus pennsylvanica',20.8,NULL,NULL,20,11,-5,5.637379453,'Excellent','Partial','Tree has been pluged',NULL,'Y','Fraxinus','pennsylvanica'),('N','W','East Campus',149,'7/11/16','Dr. Lesser, Rodney, Benjamin',39.43393,0,0,39.43393,77.80421,0,0,77.80421,'Weeping Cherry','Prunus subhirtella',20.8,NULL,NULL,10,3,-8,1.92948614,'Good','Full','Abnormal new shoots','Pendula','Y','Prunus','subhirtella'),('N','W','East Campus',150,'7/11/16','Dr. Lesser, Rodney, Benjamin',39.43393,0,0,39.43393,77.80421,0,0,77.80421,'Weeping Cherry','Prunus subhirtella',18.3,NULL,NULL,11,4,-8,2.315144113,'Good','Full',NULL,'Pendula','Y','Prunus','subhirtella'),('N','W','East Campus',151,'7/11/16','Dr. Lesser, Rodney, Benjamin',39.43405,0,0,39.43405,77.80394,0,0,77.80394,'Dogwood','Cornus',14.9,NULL,NULL,10,9,-8,2.98925275,'Poor','Full','3/5ths dying, several shoots have been removed',NULL,'Y','Cornus','sp.'),('N','W','East Campus',152,'7/11/16','Dr. Lesser, Rodney, Benjamin',39.43395,0,0,39.43395,77.80456,0,0,77.80456,'Atlas Cedar ','Cedrus atlantica',23.7,NULL,NULL,25,22,-4,11.62972115,'Good','Partial','# 152-154 are in same photo',NULL,'Y','Cedrus','atlantica'),('N','W','East Campus',153,'7/11/16','Dr. Lesser, Rodney, Benjamin',39.43394,0,0,39.43394,77.80453,0,0,77.80453,'Atlas Cedar ','Cedrus atlantica',23.1,NULL,NULL,25,22,-4,11.62972115,'Good','Partial','# 152-154 are in same photo',NULL,'Y','Cedrus','atlantica'),('N','W','East Campus',154,'7/11/16','Dr. Lesser, Rodney, Benjamin',39.43393,0,0,39.43393,77.80454,0,0,77.80454,'Atlas Cedar ','Cedrus atlantica',25.4,NULL,NULL,25,22,-4,11.62972115,'Good','Partial','# 152-154 are in same photo',NULL,'Y','Cedrus','atlantica'),('N','W','East Campus',155,'7/11/16','Dr. Lesser, Rodney, Benjamin',39.43438,0,0,39.43438,77.80442,0,0,77.80442,'Thornless Honey Locust (cultivars)','Gleditsia triacanthos',19.4,NULL,NULL,15,25,-7,8.703648997,'Good','Full',NULL,NULL,'Y','Gleditsia','triacanthos'),('N','W','East Campus',156,'7/11/16','Dr. Lesser, Rodney, Benjamin',39.43431,0,0,39.43431,77.8043,0,0,77.8043,'Thornless Honey Locust (cultivars)','Gleditsia triacanthos',18.3,NULL,NULL,14,24,-7,7.828300111,'Good','Full',NULL,NULL,'Y','Gleditsia','triacanthos'),('N','W','East Campus',157,'7/11/16','Dr. Lesser, Rodney, Benjamin',39.4343,0,0,39.4343,77.80429,0,0,77.80429,'Thornless Honey Locust (cultivars)','Gleditsia triacanthos',18.1,NULL,NULL,15,18,-7,6.582829568,'Good','Full','Minor pruning',NULL,'Y','Gleditsia','triacanthos'),('N','W','East Campus',158,'7/12/16','Dr. Lesser, Rodney, Benjamin',39.43436,0,0,39.43436,77.80392,0,0,77.80392,'Dogwood','Cornus',16.9,NULL,NULL,10,19,-8,4.84868448,'Fair/Poor','Partial','Die back in the Crown',NULL,'Y','Cornus','sp.'),('N','W','East Campus',159,'7/12/16','Dr. Lesser, Rodney, Benjamin',39.4345,0,0,39.4345,77.80343,0,0,77.80343,'Dogwood','Cornus',14.5,NULL,NULL,10,18,-8,4.654605309,'Good/Fair','Partial','Die back at top',NULL,'Y','Cornus','sp.'),('N','W','East Campus',160,'7/12/16','Dr. Lesser, Rodney, Benjamin',39.43458,0,0,39.43458,77.80324,0,0,77.80324,'Black Maple','Acer nigrum',49.2,NULL,NULL,25,35,-4,19.03425396,'Excellent','Full','Split Stem, has been pruned',NULL,'Y','Acer','nigrum'),('N','W','East Campus',161,'7/12/16','Dr. Lesser, Rodney, Benjamin',39.43492,0,0,39.43492,77.80303,0,0,77.80303,'Dogwood','Cornus',13.8,NULL,NULL,10,19,-8,4.84868448,'Good','Partial',NULL,NULL,'Y','Cornus','sp.'),('N','W','East Campus',162,'7/12/16','Dr. Lesser, Rodney, Benjamin',39.4352,0,0,39.4352,77.80317,0,0,77.80317,'Scarlet Oak','Quercus coccinea',70,NULL,NULL,30,30,-1,17.84416002,'Excellent','Full',NULL,NULL,'Y','Quercus','coccinea'),('N','W','East Campus',163,'7/12/16','Dr. Lesser, Rodney, Benjamin',39.43536,0,0,39.43536,77.8029,0,0,77.8029,'White Ash','Fraxinus americana',65.4,NULL,NULL,25,32,-4,17.1507993,'Poor','Full','Affected by Emerald Ash Bore, split in two at stem, Has been immunized against (Emerald Ash borer)?',NULL,'Y','Fraxinus','americana'),('N','W','East Campus',164,'7/13/16','Dr. Lesser, Rodney, Benjamin',39.43546,0,0,39.43546,77.80289,0,0,77.80289,'Red Maple','Acer rubrum',5,NULL,NULL,10,12,-8,3.530973964,'Excellent','Full','Young Tree',NULL,'Y','Acer','rubrum'),('N','W','East Campus',165,'7/13/16','Dr. Lesser, Rodney, Benjamin',39.43549,0,0,39.43549,77.80289,0,0,77.80289,'Sycamore','Platanus occidentalis',52.4,NULL,NULL,25,30,-4,15.96282223,'Fair','Full',NULL,NULL,'Y','Platanus','occidentalis'),('N','W','East Campus',166,'7/13/16','Dr. Lesser, Rodney, Benjamin',39.43532,0,0,39.43532,77.80285,0,0,77.80285,'Dogwood','Cornus',2,NULL,NULL,10,10,-8,3.168678154,'Excellent','Full',NULL,NULL,'Y','Cornus','sp.'),('N','W','East Campus',167,'7/13/16','Dr. Lesser, Rodney, Benjamin',39.43555,0,0,39.43555,77.80294,0,0,77.80294,'Red Maple','Acer rubrum',5.2,NULL,NULL,10,11,-8,3.349211438,'Fair','Full','Damage on trunk caused by cuting and or mowing to close',NULL,'Y','Acer','rubrum'),('N','W','East Campus',168,'7/13/16','Dr. Lesser, Rodney, Benjamin',39.43513,0,0,39.43513,77.80337,0,0,77.80337,'Dogwood','Cornus',21.5,NULL,NULL,10,19,-8,4.84868448,'Fair','Full','Crown is dying',NULL,'Y','Cornus','sp.'),('N','W','East Campus',169,'7/13/16','Dr. Lesser, Rodney, Benjamin',39.43515,0,0,39.43515,77.80338,0,0,77.80338,'Crape Myrtle','Lagerstroemia',5,NULL,NULL,10,10,-8,3.168678154,'Excellent','Partial',NULL,NULL,'Y','Lagerstroemia','sp.'),('N','W','East Campus',170,'7/13/16','Dr. Lesser, Rodney, Benjamin',39.43516,0,0,39.43516,77.8037,0,0,77.8037,'Crape Myrtle','Lagerstroemia',5,NULL,NULL,10,9,-8,2.98925275,'Excellent','Partial',NULL,NULL,'Y','Lagerstroemia','sp.'),('N','W','East Campus',171,'7/13/16','Dr. Lesser, Rodney, Benjamin',39.43511,0,0,39.43511,77.80371,0,0,77.80371,'Weeping Cherry','Cedrus atlantica',21.3,NULL,NULL,NULL,NULL,NULL,3.5,'Excellent','Full',NULL,'Glauca Pendula','Y','Cedrus','atlantica'),('N','W','East Campus',172,'7/13/16','Dr. Lesser, Rodney, Benjamin',39.43494,0,0,39.43494,77.80367,0,0,77.80367,'Black Walnut','Juglans nigra',83,NULL,NULL,35,29,-1,20.01174407,'Excellent','Full',NULL,NULL,'Y','Juglans','nigra'),('N','W','East Campus',173,'7/13/16','Dr. Lesser, Rodney, Benjamin',39.43485,0,0,39.43485,77.80359,0,0,77.80359,'Sycamore','Platanus occidentalis',90,NULL,NULL,35,36,-1,26.03991575,'Good','Full',NULL,NULL,'Y','Platanus','occidentalis'),('N','W','East Campus',174,'7/13/16','Dr. Lesser, Rodney, Benjamin',39.43478,0,0,39.43478,77.80366,0,0,77.80366,'Silver Maple','Acer saccharinum',101,NULL,NULL,30,36,-5,24.42093575,'Good/Fair','Full',NULL,NULL,'Y','Acer','saccharinum'),('N','W','East Campus',175,'7/13/16','Dr. Lesser, Rodney, Benjamin',39.43474,0,0,39.43474,77.80369,0,0,77.80369,'Silver Maple','Acer saccharinum',77,NULL,NULL,29.5,35,-7,24.27826692,'Fair','Full','Lots of Pruning, and breakage',NULL,'Y','Acer','saccharinum'),('N','W','East Campus',176,'7/13/16','Dr. Lesser, Rodney, Benjamin',39.43477,0,0,39.43477,77.80399,0,0,77.80399,'Yellow Oak','Quercus muehlenbergii',132,NULL,NULL,30,38,-7,27.12210562,'Fair','Full',NULL,NULL,'Y','Quercus','muehlenbergii'),('N','W','East Campus',177,'7/13/16','Dr. Lesser, Rodney, Benjamin',39.43486,0,0,39.43486,77.8039,0,0,77.8039,'Norway Spruce','Picea abies',24.3,NULL,NULL,19.5,21,-5,9.191377622,'Good','Full','leaning',NULL,'Y','Picea','abies'),('N','W','East Campus',178,'7/13/16','Dr. Lesser, Rodney, Benjamin',39.43449,0,0,39.43449,77.8038,0,0,77.8038,'Red Maple','Acer rubrum',11.8,NULL,NULL,15,16,-7,6.010214911,'Excellent','Full','Large scar on it',NULL,'Y','Acer','rubrum'),('N','W','East Campus',179,'7/18/16','Dr. Lesser, Rodney, Benjamin',39.43446,0,0,39.43446,77.80392,0,0,77.80392,'Green Ash','Fraxinus pennsylvanica',11,NULL,NULL,10,22,-8,5.445670605,'Dead','Full','Remove at once',NULL,'Y','Fraxinus','pennsylvanica'),('N','W','East Campus',180,'7/18/16','Dr. Lesser, Rodney, Benjamin',39.43448,0,0,39.43448,77.80399,0,0,77.80399,'Magnolia','Magnolia grandiflora',3.7,'Multiple stems',NULL,10,17,-8,4.462715162,'Excellent','Partial',NULL,NULL,'Y','Magnolia','grandiflora'),('N','W','East Campus',181,'7/18/16','Dr. Lesser, Rodney, Benjamin',39.43449,0,0,39.43449,77.80402,0,0,77.80402,'Magnolia','Magnolia grandiflora',5.6,'Multiple stems',NULL,10,18,-8,4.654605309,'Excellent','Partial',NULL,NULL,'Y','Magnolia','grandiflora'),('N','W','East Campus',182,'7/18/16','Dr. Lesser, Rodney, Benjamin',39.43454,0,0,39.43454,77.80399,0,0,77.80399,'Magnolia','Magnolia grandiflora',4.9,'Multiple stems',NULL,10,14,-8,3.898688375,'Excellent','Partial',NULL,NULL,'Y','Magnolia','grandiflora'),('N','W','East Campus',183,'7/18/16','Dr. Lesser, Rodney, Benjamin',39.43453,0,0,39.43453,77.80391,0,0,77.80391,'Magnolia','Magnolia grandiflora',3.9,'Multiple stems',NULL,10,11,-8,3.349211438,'Excellent','Full',NULL,NULL,'Y','Magnolia','grandiflora'),('N','W','East Campus',184,'7/18/16','Dr. Lesser, Rodney, Benjamin',39.43454,0,0,39.43454,77.80391,0,0,77.80391,'Green Ash','Fraxinus pennsylvanica',17.5,NULL,NULL,15,23,-7,8.076156368,'Fair/Poor','Full','Look into inoculating',NULL,'Y','Fraxinus','pennsylvanica'),('N','W','East Campus',185,'7/18/16','Dr. Lesser, Rodney, Benjamin',39.4346,0,0,39.4346,77.80399,0,0,77.80399,'Birch Ornamental','Betula',7,NULL,NULL,15,17,-7,6.294994346,'Excellent','Full',NULL,NULL,'Y','Betula','sp.'),('N','W','East Campus',186,'7/18/16','Dr. Lesser, Rodney, Benjamin',39.4346,0,0,39.4346,77.80399,0,0,77.80399,'Magnolia','Magnolia grandiflora',3,'Multiple stems',NULL,15,5,-7,3.021364077,'Excellent','Full','Not in GPS memory',NULL,'Y','Magnolia','grandiflora'),('N','W','East Campus',187,'7/18/16','Dr. Lesser, Rodney, Benjamin',39.4346,0,0,39.4346,77.80403,0,0,77.80403,'Birch Ornamental','Betula',13,NULL,NULL,15,15,-7,5.728272011,'Excellent','Full',NULL,NULL,'Y','Betula','sp.'),('N','W','East Campus',188,'7/18/16','Dr. Lesser, Rodney, Benjamin',39.4346,0,0,39.4346,77.80403,0,0,77.80403,'Mulberry','Morus alba',3.5,'Multiple stems',NULL,15,6,-7,3.285597654,'Excellent','Partial','Over shadowed by Berch',NULL,'Y','Morus','alba'),('N','W','East Campus',189,'7/18/16','Dr. Lesser, Rodney, Benjamin',39.43464,0,0,39.43464,77.80412,0,0,77.80412,'Paper Bark Maple','Acer griseum',6.9,NULL,NULL,10,4,-11,2.643071211,'Excellent','Full','In GPS memory as 188',NULL,'Y','Acer','griseum'),('N','W','East Campus',190,'7/18/16','Dr. Lesser, Rodney, Benjamin',39.43463,0,0,39.43463,77.80418,0,0,77.80418,'Paper Bark Maple','Acer griseum',8.5,NULL,NULL,10,9,-8,2.98925275,'Excellent','Full','In GPS memory as 189',NULL,'Y','Acer','griseum'),('N','W','East Campus',191,'7/18/16','Dr. Lesser, Rodney, Benjamin',39.43464,0,0,39.43464,77.80426,0,0,77.80426,'Paper Birch','Betula papyrifera',7.8,NULL,NULL,10,14,-8,3.898688375,'Excellent','Full',NULL,NULL,'Y','Betula','papyrifera'),('N','W','East Campus',192,'7/18/16','Dr. Lesser, Rodney, Benjamin',39.4348,0,0,39.4348,77.80419,0,0,77.80419,'Red Maple','Acer rubrum',14.4,NULL,NULL,15,23,-7,8.076156368,'Excellent','Full',NULL,NULL,'Y','Acer','rubrum'),('N','W','East Campus',193,'7/18/16','Dr. Lesser, Rodney, Benjamin',39.43485,0,0,39.43485,77.80412,0,0,77.80412,'Dogwood','Cornus',4.5,NULL,NULL,10,3,-8,1.92948614,'Fair','Full',NULL,NULL,'Y','Cornus','sp.'),('N','W','East Campus',194,'7/20/16','Dr. Lesser, Rodney, Benjamin',39.43281,0,0,39.43281,77.80518,0,0,77.80518,'Crape Myrtle','Lagerstroemia',5.7,'Multiple stems',NULL,10,11,-8,3.349211438,'Excellent','Full',NULL,NULL,'Y','Lagerstroemia','sp.'),('N','W','East Campus',195,'7/20/16','Dr. Lesser, Rodney, Benjamin',39.43513,0,0,39.43513,77.804,0,0,77.804,'Crape Myrtle','Lagerstroemia',8,'Multiple stems',NULL,10,13,-8,3.714090258,'Excellent','Partial',NULL,NULL,'Y','Lagerstroemia','sp.'),('N','W','East Campus',196,'7/20/16','Dr. Lesser, Rodney, Benjamin',39.43515,0,0,39.43515,77.80412,0,0,77.80412,'Paper Birch','Betula papyrifera',8,'Multiple stems',NULL,15,16,-7,6.010214911,'Good','Partial','Branches are chained together',NULL,'Y','Betula','papyrifera'),('N','W','East Campus',197,'7/20/16','Dr. Lesser, Rodney, Benjamin',39.43512,0,0,39.43512,77.80419,0,0,77.80419,'Paper Birch','Betula papyrifera',6.7,'Multiple stems',NULL,15,14,-7,5.448954167,'Good','Partial','Branches are chained together',NULL,'Y','Betula','papyrifera'),('N','W','East Campus',198,'7/20/16','Dr. Lesser, Rodney, Benjamin',39.43512,0,0,39.43512,77.80427,0,0,77.80427,'Crape Myrtle','Lagerstroemia',5.4,'Multiple stems',NULL,10,12,-8,3.530973964,'Excellent','Partial',NULL,NULL,'Y','Lagerstroemia','sp.'),('N','W','East Campus',199,'7/20/16','Dr. Lesser, Rodney, Benjamin',39.43502,0,0,39.43502,77.80421,0,0,77.80421,'Sycamore','Platanus occidentalis',138.1,NULL,NULL,30,45,-1,30.52365195,'Excellent','Full','Has Root Sprots, and has been Pruned',NULL,'Y','Platanus','occidentalis'),('N','W','East Campus',200,'7/20/16','Dr. Lesser, Rodney, Benjamin',39.43501,0,0,39.43501,77.80429,0,0,77.80429,'Dogwood','Cornus',3,'Multiple stems',NULL,NULL,NULL,NULL,2,'Excellent','Full','In photo with tree 201',NULL,'Y','Cornus','sp.'),('N','W','East Campus',201,'7/20/16','Dr. Lesser, Rodney, Benjamin',39.435,0,0,39.435,77.80434,0,0,77.80434,'Crape Myrtle','Lagerstroemia',3,'Multiple stems',NULL,NULL,NULL,NULL,2,'Excellent','Partial','In photo with tree 200',NULL,'Y','Lagerstroemia','sp.'),('N','W','East Campus',202,'7/20/16','Dr. Lesser, Rodney, Benjamin',39.43487,0,0,39.43487,77.80436,0,0,77.80436,'Green Ash','Fraxinus pennsylvanica',2,'Multiple stems',NULL,NULL,NULL,NULL,2,'Good','Full','Leave die back, could be a result of Emerald Ash Bore',NULL,'Y','Fraxinus','pennsylvanica'),('N','W','East Campus',203,'7/20/16','Dr. Lesser, Rodney, Benjamin',39.43484,0,0,39.43484,77.80441,0,0,77.80441,'Dogwood','Cornus',3.5,NULL,NULL,NULL,NULL,NULL,1.5,'Poor','Partial','Lots of die back',NULL,'Y','Cornus','sp.'),('N','W','East Campus',204,'7/20/16','Dr. Lesser, Rodney, Benjamin',39.43484,0,0,39.43484,77.8045,0,0,77.8045,'Dogwood','Cornus',5,NULL,NULL,NULL,NULL,NULL,2,'Poor','Partial','Lots of die back, half of tree is dead',NULL,'Y','Cornus','sp.'),('N','W','East Campus',205,'7/20/16','Dr. Lesser, Rodney, Benjamin',39.43497,0,0,39.43497,77.80455,0,0,77.80455,'Dogwood','Cornus',7.2,NULL,NULL,NULL,NULL,NULL,3,'Good','Partial','Tree has produced fruit',NULL,'Y','Cornus','sp.'),('N','W','East Campus',206,'7/20/16','Dr. Lesser, Rodney, Benjamin',39.43491,0,0,39.43491,77.80479,0,0,77.80479,'Red Spruce','Picea rubens',6.5,NULL,NULL,10,7,-8,2.633253956,'Excellent','Full','Tree has cones',NULL,'Y','Picea','rubens'),('N','W','East Campus',207,'7/20/16','Dr. Lesser, Rodney, Benjamin',39.43505,0,0,39.43505,77.80441,0,0,77.80441,'Crape Myrtle (Pink)','Lagerstroemia',7.8,'Multiple stems',NULL,10,18,-3,3.773274755,'Excellent','Partial','Has root suckers',NULL,'Y','Lagerstroemia','sp.'),('N','W','East Campus',208,'7/20/16','Dr. Lesser, Rodney, Benjamin',39.43493,0,0,39.43493,77.80451,0,0,77.80451,'Paper Birch','Betula papyrifera',6.7,'Multiple stems',NULL,15,15,-7,5.728272011,'Excellent','Full','Stems are chained together',NULL,'Y','Betula','papyrifera'),('N','W','East Campus',209,'7/20/16','Dr. Lesser, Rodney, Benjamin',39.43494,0,0,39.43494,77.80466,0,0,77.80466,'Paper Birch','Betula papyrifera',4.5,'Multiple stems',NULL,15,11,-7,4.624738762,'Good/Fair','Full','Some branches have die back',NULL,'Y','Betula','papyrifera'),('N','W','East Campus',210,'7/20/16','Dr. Lesser, Rodney, Benjamin',39.43489,0,0,39.43489,77.80467,0,0,77.80467,'Crape Myrtle (Pink)','Lagerstroemia',6.9,'Multiple stems',NULL,10,10,-8,3.168678154,'Excellent','Full',NULL,NULL,'Y','Lagerstroemia','sp.'),('N','W','East Campus',211,'7/20/16','Dr. Lesser, Rodney, Benjamin',39.43489,0,0,39.43489,77.80479,0,0,77.80479,'Crape Myrtle (White) ','Lagerstroemia',7.1,'Multiple stems',NULL,10,11,-8,3.349211438,'Excellent','Full',NULL,NULL,'Y','Lagerstroemia','sp.'),('N','W','East Campus',212,'7/20/16','Dr. Lesser, Rodney, Benjamin',39.43489,0,0,39.43489,77.80479,0,0,77.80479,'Paper Birch','Betula papyrifera',5.7,NULL,NULL,15,8,-7,3.817146645,'Fair','Full','Tree has a lean',NULL,'Y','Betula','papyrifera'),('N','W','East Campus',213,'7/20/16','Dr. Lesser, Rodney, Benjamin',39.4351,0,0,39.4351,77.80501,0,0,77.80501,'Stagehorn Sumacy','Rhus typhina',5.4,NULL,NULL,NULL,NULL,NULL,3,'Excellent','Full','Mutiple spawning, steams ove a 10 meter bank',NULL,'Y','Rhus','typhina'),('N','W','East Campus',214,'7/20/16','Dr. Lesser, Rodney, Benjamin',39.43504,0,0,39.43504,77.80522,0,0,77.80522,'Chinese Elm','Ulmus parvifolia',22.4,NULL,NULL,15,17,-7,6.294994346,'Excellent','Full',NULL,NULL,'Y','Ulmus','parvifolia'),('N','W','East Campus',215,'7/20/16','Dr. Lesser, Rodney, Benjamin',39.43511,0,0,39.43511,77.80521,0,0,77.80521,'Sugar Maple','Acer saccharum',10.4,NULL,NULL,15,13,-7,5.172056991,'Excellent','Full',NULL,NULL,'Y','Acer','saccharum'),('N','W','East Campus',216,'7/20/16','Dr. Lesser, Rodney, Benjamin',39.43516,0,0,39.43516,77.8051,0,0,77.8051,'Sugar Maple','Acer saccharum',8.8,NULL,NULL,15,12,-7,4.89738255,'Excellent','Full',NULL,NULL,'Y','Acer','saccharum'),('N','W','East Campus',217,'7/20/16','Dr. Lesser, Rodney, Benjamin',39.43521,0,0,39.43521,77.805,0,0,77.805,'Sugar Maple','Acer saccharum',7.8,NULL,NULL,15,12,-7,4.89738255,'Good','Full','Some die back',NULL,'Y','Acer','saccharum'),('N','W','East Campus',218,'7/20/16','Dr. Lesser, Rodney, Benjamin',39.43526,0,0,39.43526,77.80485,0,0,77.80485,'Sugar Maple','Acer saccharum',8.5,NULL,NULL,15,12,-7,4.89738255,'Fair','Full','Die back at the top of the tree and on the side',NULL,'Y','Acer','saccharum'),('N','W','East Campus',219,'7/20/16','Dr. Lesser, Rodney, Benjamin',39.43529,0,0,39.43529,77.80473,0,0,77.80473,'Sugar Maple','Acer saccharum',7.6,NULL,NULL,15,8,-7,3.817146645,'Poor','Full','Lots of die back',NULL,'Y','Acer','saccharum'),('N','W','East Campus',220,'7/20/16','Dr. Lesser, Rodney, Benjamin',39.43533,0,0,39.43533,77.80462,0,0,77.80462,'Sugar Maple','Acer saccharum',7.9,NULL,NULL,15,10,-7,4.353938835,'Poor','Full','Significant die back',NULL,'Y','Acer','saccharum'),('N','W','East Campus',221,'7/20/16','Dr. Lesser, Rodney, Benjamin',39.4354,0,0,39.4354,77.80449,0,0,77.80449,'Sugar Maple','Acer saccharum',8.5,NULL,NULL,15,8,-7,3.817146645,'Poor','Full','Top of the tree is dead',NULL,'Y','Acer','saccharum'),('N','W','East Campus',222,'7/20/16','Dr. Lesser, Rodney, Benjamin',39.43543,0,0,39.43543,77.80432,0,0,77.80432,'Sugar Maple','Acer saccharum',8,NULL,NULL,15,10,-7,4.353938835,'Poor','Full','Significant die back. Top of the tree is dead',NULL,'Y','Acer','saccharum'),('N','W','East Campus',223,'7/20/16','Dr. Lesser, Rodney, Benjamin',39.43549,0,0,39.43549,77.80421,0,0,77.80421,'Sugar Maple','Acer saccharum',8,NULL,NULL,15,10,-7,4.353938835,'Poor','Full','Top of the crown is dead',NULL,'Y','Acer','saccharum'),('N','W','East Campus',224,'7/20/16','Dr. Lesser, Rodney, Benjamin',39.43552,0,0,39.43552,77.80411,0,0,77.80411,'Sugar Maple','Acer saccharum',7.7,NULL,NULL,15,13,-7,5.172056991,'Fair','Full','Som die back',NULL,'Y','Acer','saccharum'),('N','W','East Campus',225,'7/20/16','Dr. Lesser, Rodney, Benjamin',39.43557,0,0,39.43557,77.80401,0,0,77.80401,'Red Spruce','Picea rubens',5,NULL,NULL,NULL,NULL,NULL,2,'Excellent','Full',NULL,NULL,'Y','Picea','rubens'),('N','W','East Campus',226,'7/25/16','Dr. Lesser, Rodney, Benjamin',39.43237,0,0,39.43237,77.8056,0,0,77.8056,'Silver Maple','Acer saccharinum',29,NULL,NULL,20,27,-5,11.94028226,'Excellent','Full',NULL,NULL,'Y','Acer','saccharinum'),('N','W','East Campus',227,'7/25/16','Dr. Lesser, Rodney, Benjamin',39.43234,0,0,39.43234,77.8056,0,0,77.8056,'Ginkgo','Ginkgo biloba',15,NULL,NULL,15,20,-7,7.168587639,'Excellent','Full',NULL,NULL,'Y','Ginkgo','biloba'),('N','W','East Campus',228,'7/25/16','Dr. Lesser, Rodney, Benjamin',39.43229,0,0,39.43229,77.8054,0,0,77.8054,'Sugar Maple','Acer saccharum',72.5,NULL,NULL,25,34,-4,18.39177842,'Good','Full','Half way up Crown some branches are dead',NULL,'Y','Acer','saccharum'),('N','W','East Campus',229,'7/25/16','Dr. Lesser, Rodney, Benjamin',39.43225,0,0,39.43225,77.80529,0,0,77.80529,'Sycamore','Platanus occidentalis',45.6,NULL,NULL,25,38,-4,21.06120617,'Excellent','Full',NULL,NULL,'Y','Platanus','occidentalis'),('N','W','East Campus',230,'7/25/16','Dr. Lesser, Rodney, Benjamin',39.43221,0,0,39.43221,77.80523,0,0,77.80523,'Dogwood','Cornus',15.7,NULL,NULL,15,6,-7,3.285597654,'Good/Fair','Partial','N/a',NULL,'Y','Cornus','sp.'),('N','W','East Campus',231,'7/25/16','Dr. Lesser, Rodney, Benjamin',39.43219,0,0,39.43219,77.80518,0,0,77.80518,'Dogwood','Cornus',10.7,NULL,NULL,15,7,-7,3.550802538,'Good','Partial','Some die back',NULL,'Y','Cornus','sp.'),('N','W','East Campus',232,'7/25/16','Dr. Lesser, Rodney, Benjamin',39.43226,0,0,39.43226,77.80512,0,0,77.80512,'Black Maple','Acer nigrum',77,NULL,NULL,28,36,-1,20.8319326,'Excellent','Full','Metal plate in tree trunk',NULL,'Y','Acer','nigrum'),('N','W','East Campus',233,'7/25/16','Dr. Lesser, Rodney, Benjamin',39.43232,0,0,39.43232,77.80507,0,0,77.80507,'Sugar Maple','Acer saccharum',25.2,NULL,NULL,20,26,-5,11.50442504,'Excellent','Partial',NULL,NULL,'Y','Acer','saccharum'),('N','W','East Campus',234,'7/25/16','Dr. Lesser, Rodney, Benjamin',39.43241,0,0,39.43241,77.80508,0,0,77.80508,'Black Oak','Quercus velutina',57.8,NULL,NULL,25,34,-4,18.39177842,'Good','Full','Tree has been trimed back over side walk',NULL,'Y','Quercus','velutina'),('N','W','East Campus',235,'7/25/16','Dr. Lesser, Rodney, Benjamin',39.43262,0,0,39.43262,77.805,0,0,77.805,'Cherry','Prunus avium',37.7,NULL,NULL,20,28,-5,12.3839619,'Excellent','Full','Plaque \"1996 AD Nursing Class\"\"\"',NULL,'Y','Prunus','avium'),('N','W','East Campus',236,'7/25/16','Dr. Lesser, Rodney, Benjamin',39.43258,0,0,39.43258,77.80498,0,0,77.80498,'Saucer Magnolia','Magnolia soulangeana',12.2,NULL,NULL,15,14,-7,5.448954167,'Good','Partial','Plaque \"planted in memory of Lita E. Trayer Nursing class 0f 1986\"\"\"','Magnolia X soulangeana','Y','Magnolia','soulangeana'),('N','W','East Campus',237,'7/25/16','Dr. Lesser, Rodney, Benjamin',39.43263,0,0,39.43263,77.80498,0,0,77.80498,'Black Walnut','Juglans nigra',72,NULL,NULL,25,28,-4,14.8218013,'Good','Full','Some pruning has been done',NULL,'Y','Juglans','nigra'),('N','W','East Campus',238,'7/25/16','Dr. Lesser, Rodney, Benjamin',39.43277,0,0,39.43277,77.80507,0,0,77.80507,'Dogwood','Cornus',13,NULL,NULL,10,11,-8,3.349211438,'Fair','Partial','Branches are broken',NULL,'Y','Cornus','sp.'),('N','W','East Campus',239,'7/25/16','Dr. Lesser, Rodney, Benjamin',39.4328,0,0,39.4328,77.80512,0,0,77.80512,'Dogwood','Cornus',18,NULL,NULL,15,22,-7,7.769427512,'Poor','Partial','Leaves are discolered',NULL,'Y','Cornus','sp.'),('N','W','East Campus',240,'7/25/16','Dr. Lesser, Rodney, Benjamin',39.43281,0,0,39.43281,77.80523,0,0,77.80523,'Sugar Maple','Acer saccharum',41.9,NULL,NULL,25,32,-5,17.80895039,'Good','Partial','Plaque \"planted in memory of Fr. Gordon Slonaker\"\" The tree has a strange wire coming out of trunk',' the tree has been tapped for syrup\"','Y','Acer','saccharum'),('N','W','East Campus',241,'7/25/16','Dr. Lesser, Rodney, Benjamin',39.43292,0,0,39.43292,77.80544,0,0,77.80544,'Japanese Maple','Acer palmatum',87,NULL,NULL,25,41,-4,23.26123395,'Good','Full','Some die back',NULL,'Y','Acer','palmatum'),('N','W','East Campus',242,'7/25/16','Dr. Lesser, Rodney, Benjamin',39.43282,0,0,39.43282,77.8055,0,0,77.8055,'White Ash','Fraxinus americana',81.6,NULL,NULL,20,36,-5,16.28062383,'Good/Fair','Full','Wire around trunk for nursery school zip line',NULL,'Y','Fraxinus','americana'),('N','W','East Campus',243,'7/25/16','Dr. Lesser, Rodney, Benjamin',39.43271,0,0,39.43271,77.80558,0,0,77.80558,'White Ash','Fraxinus americana',106,NULL,NULL,22,38,-5,19.11303438,'Good','Full','Wire around trunk for nursery school zip line',NULL,'Y','Fraxinus','americana'),('N','W','East Campus',244,'7/26/16','Rodney, Benjamin',39.43279,0,0,39.43279,77.80488,0,0,77.80488,'Crape Myrtle','Lagerstroemia',3.5,'Multiple stems',NULL,10,8,-8,2.810816694,'Excellent','Full',NULL,NULL,'Y','Lagerstroemia','sp.'),('N','W','East Campus',245,'7/26/16','Rodney, Benjamin',39.43286,0,0,39.43286,77.80482,0,0,77.80482,'Crape Myrtle','Lagerstroemia',4.9,'Multiple stems',NULL,10,10,-8,3.168678154,'Excellent','Full',NULL,NULL,'Y','Lagerstroemia','sp.'),('N','W','East Campus',246,'7/26/16','Rodney, Benjamin',39.43292,0,0,39.43292,77.8048,0,0,77.8048,'Crape Myrtle','Lagerstroemia',4.5,'Multiple stems',NULL,10,10,-8,3.168678154,'Excellent','Full',NULL,NULL,'Y','Lagerstroemia','sp.'),('N','W','East Campus',247,'7/26/16','Rodney, Benjamin',39.43295,0,0,39.43295,77.80476,0,0,77.80476,'Crape Myrtle (Natchez)','Lagerstroemia',3.8,'Multiple stems',NULL,10,9,-8,2.98925275,'Excellent','Full',NULL,NULL,'Y','Lagerstroemia','sp.'),('N','W','East Campus',248,'7/26/16','Rodney, Benjamin',39.43326,0,0,39.43326,77.80472,0,0,77.80472,'Red Maple','Acer rubrum',13.6,'Two trunks',NULL,15,22,-7,7.769427512,'Good','Full','One side of the tree is green, the other side is yellowish green',NULL,'Y','Acer','rubrum'),('N','W','East Campus',249,'7/26/16','Rodney, Benjamin',39.43469,0,0,39.43469,77.80506,0,0,77.80506,'Red Spruce','Picea rubens',8.5,NULL,NULL,NULL,NULL,NULL,4,'Excellent','Full',NULL,NULL,'Y','Picea','rubens'),('N','W','East Campus',250,'7/26/16','Rodney, Benjamin',39.43465,0,0,39.43465,77.80503,0,0,77.80503,'Red Spruce','Picea rubens',8.8,NULL,NULL,NULL,NULL,NULL,4,'Excellent','Full',NULL,NULL,'Y','Picea','rubens'),('N','W','East Campus',251,'7/26/16','Rodney, Benjamin',39.43462,0,0,39.43462,77.80502,0,0,77.80502,'Red Spruce','Picea rubens',5,NULL,NULL,NULL,NULL,NULL,3.5,'Excellent','Full',NULL,NULL,'Y','Picea','rubens'),('N','W','East Campus',252,'7/26/16','Rodney, Benjamin',39.43454,0,0,39.43454,77.80492,0,0,77.80492,'Red Oak','Quercus rubra',1.8,NULL,NULL,NULL,NULL,NULL,2.3,'Excellent','Full',NULL,NULL,'Y','Quercus','rubra'),('N','W','East Campus',253,'7/26/16','Rodney, Benjamin',39.43449,0,0,39.43449,77.80489,0,0,77.80489,'Eastern Redbud','Cercis canadensis',7.7,NULL,NULL,NULL,NULL,NULL,2.5,'Excellent','Partial',NULL,NULL,'Y','Cercis','canadensis'),('N','W','East Campus',254,'7/26/16','Rodney, Benjamin',39.43447,0,0,39.43447,77.80492,0,0,77.80492,'Eastern Redbud','Cercis canadensis',10.9,'Two trunks',NULL,15,12,-7,4.89738255,'Excellent','Partial',NULL,NULL,'Y','Cercis','canadensis'),('N','W','East Campus',255,'7/26/16','Rodney, Benjamin',39.43444,0,0,39.43444,77.80492,0,0,77.80492,'Fir species','Abies',5,'Multiple stems',NULL,NULL,NULL,NULL,2.5,'Fair','Partial','Cut off dead branches',NULL,'Y','Abies','sp.'),('N','W','East Campus',256,'7/26/16','Rodney, Benjamin',39.43441,0,0,39.43441,77.80488,0,0,77.80488,'Serviceberry','Amelanchier',3.2,'Multiple stems',NULL,NULL,NULL,NULL,2,'Excellent','Full',NULL,NULL,'Y','Amelanchier','sp.'),('N','W','East Campus',257,'7/26/16','Rodney, Benjamin',39.43444,0,0,39.43444,77.80507,0,0,77.80507,'Chinese Elm','Ulmus parvifolia',11.1,NULL,NULL,10,14,-8,3.898688375,'Excellent','Full',NULL,NULL,'Y','Ulmus','parvifolia'),('N','W','East Campus',258,'7/26/16','Rodney, Benjamin',39.43457,0,0,39.43457,77.80503,0,0,77.80503,'Crab Apple','Malus hopa',11.7,NULL,NULL,10,16,-8,4.272862205,'Excellent','Full',NULL,NULL,'Y','Malus','hopa'),('N','W','East Campus',259,'7/27/16','Dr. Lesser, Benjamin',39.43313,0,0,39.43313,77.80611,0,0,77.80611,'Bradford Pear','Pyrus calleryana',89.2,NULL,NULL,20,45,-3,21.04815559,'Good','Full','There is a lean, covered with ivy, right by fence  to private back yard, the tree has been heavily pruned',NULL,'Y','Pyrus','calleryana'),('N','W','East Campus',260,'7/27/16','Dr. Lesser, Benjamin',39.43343,0,0,39.43343,77.8064,0,0,77.8064,'Black Walnut','Juglans nigra',54.7,NULL,NULL,30,34,2,19.18763242,'Excellent','Full','Some pruning has been done',NULL,'Y','Juglans','nigra'),('N','W','East Campus',261,'7/27/16','Dr. Lesser, Benjamin',39.43357,0,0,39.43357,77.80648,0,0,77.80648,'Black Walnut','Juglans nigra',56.7,NULL,NULL,20,49,4,21.60883191,'Excellent','Full',NULL,NULL,'Y','Juglans','nigra'),('N','W','East Campus',262,'7/27/16','Dr. Lesser, Benjamin',39.43359,0,0,39.43359,77.80643,0,0,77.80643,'Box Elder','Acer negundo',58.8,NULL,NULL,30,35,4,18.90842179,'Excellent','Full',NULL,NULL,'Y','Acer','negundo'),('N','W','East Campus',263,'7/27/16','Dr. Lesser, Benjamin',39.43393,0,0,39.43393,77.80652,0,0,77.80652,'Cherry','Prunus avium',24.6,'Multiple stems',NULL,20,15,-5,7.108757119,'Excellent','Full',NULL,NULL,'Y','Prunus','avium'),('N','W','East Campus',264,'7/27/16','Dr. Lesser, Benjamin',39.43423,0,0,39.43423,77.80664,0,0,77.80664,'Cherry','Prunus avium',10,NULL,NULL,15,10,-7,4.353938835,'Excellent','Full',NULL,NULL,'Y','Prunus','avium'),('N','W','East Campus',265,'7/27/16','Dr. Lesser, Benjamin',39.43467,0,0,39.43467,77.80575,0,0,77.80575,'Norway Spruce','Picea abies',74.3,NULL,NULL,30,27,-1,15.80941543,'Excellent','Full','Ivy covering trunk',NULL,'Y','Picea','abies'),('N','W','East Campus',266,'7/27/16','Dr. Lesser, Benjamin',39.43475,0,0,39.43475,77.80583,0,0,77.80583,'Norway Spruce','Picea abies',62,NULL,NULL,30,24,-1,13.88051251,'Excellent','Full','Ivy covering trunk',NULL,'Y','Picea','abies'),('N','W','East Campus',267,'7/27/16','Dr. Lesser, Benjamin',39.43481,0,0,39.43481,77.80587,0,0,77.80587,'Eastern Hemlock','Tsuga canadensis',37,NULL,NULL,30,25,1,13.4655778,'Excellent','Full','Ivy covering trunk',NULL,'Y','Tsuga','canadensis'),('N','W','East Campus',268,'7/27/16','Dr. Lesser, Benjamin',39.4348,0,0,39.4348,77.80586,0,0,77.80586,'Eastern Redbud','Cercis canadensis',32.9,NULL,NULL,30,27,1,14.76211154,'Excellent','Full',NULL,NULL,'Y','Cercis','canadensis'),('N','W','East Campus',269,'8/1/16','Dr. Lesser, Rodney, Benjamin',39.43525,0,0,39.43525,77.80479,0,0,77.80479,'Fir species','Abies',11.7,NULL,NULL,15,21,-1,6.019786499,'Excellent','Full',NULL,NULL,'Y','Abies','sp.'),('N','W','East Campus',270,'8/1/16','Dr. Lesser, Rodney, Benjamin',39.43524,0,0,39.43524,77.80472,0,0,77.80472,'Fir species','Abies',11.8,NULL,NULL,15,18,-3,5.659912133,'Excellent','Full',NULL,NULL,'Y','Abies','sp.'),('N','W','East Campus',271,'8/1/16','Dr. Lesser, Rodney, Benjamin',39.4352,0,0,39.4352,77.80467,0,0,77.80467,'Syberian elm','Ulmus pumila',15.3,NULL,NULL,14,35,6,8.331446241,'Good-Fair','Full','Leaves have been eaten by insects',NULL,'Y','Ulmus','pumila'),('N','W','East Campus',272,'8/1/16','Dr. Lesser, Rodney, Benjamin',39.43525,0,0,39.43525,77.80455,0,0,77.80455,'Stagehorn Sumacy','Rhus typhina',2.9,'Multiple stems',NULL,NULL,NULL,NULL,3,'Good','Full','N/a',NULL,'Y','Rhus','typhina'),('N','W','East Campus',273,'8/1/16','Dr. Lesser, Rodney, Benjamin',39.43533,0,0,39.43533,77.80418,0,0,77.80418,'Serviceberry','Amelanchier',73,NULL,NULL,20,31,-8,14.82802907,'Fair','Full','Dead branches, mutiple pruning',NULL,'Y','Amelanchier','sp.'),('N','W','East Campus',274,'8/1/16','Dr. Lesser, Rodney, Benjamin',39.43539,0,0,39.43539,77.80426,0,0,77.80426,'Hackberry','Celtis occidentalis',6.5,'Multiple stems',NULL,15,5,-4,2.361232132,'Excellent','Partial',NULL,NULL,'Y','Celtis','occidentalis'),('N','W','East Campus',275,'8/1/16','Dr. Lesser, Rodney, Benjamin',39.43542,0,0,39.43542,77.80426,0,0,77.80426,'Stagehorn Sumacy','Rhus typhina',2.7,'Multiple stems',NULL,NULL,NULL,NULL,2,'Excellent','Full',NULL,NULL,'Y','Rhus','typhina'),('N','W','East Campus',276,'8/1/16','Dr. Lesser, Rodney, Benjamin',39.43545,0,0,39.43545,77.80417,0,0,77.80417,'Virgina Junapure','Juniperus virginiana',2.5,NULL,NULL,NULL,NULL,NULL,3,'Excellent','Full',NULL,NULL,'Y','Juniperus','virginiana'),('N','W','East Campus',277,'8/1/16','Dr. Lesser, Rodney, Benjamin',39.43562,0,0,39.43562,77.80384,0,0,77.80384,'Eastern Hemlock','Tsuga canadensis',4.4,'Multiple stems',NULL,10,9,-8,2.98925275,'Fair','Full','the tree\'s leaves are experencing necrosis',NULL,'Y','Tsuga','canadensis'),('N','W','East Campus',278,'8/1/16','Dr. Lesser, Rodney, Benjamin',39.43558,0,0,39.43558,77.80385,0,0,77.80385,'Red Spruce','Picea rubens',5.3,NULL,NULL,10,9,-8,2.98925275,'Excellent','Full',NULL,NULL,'Y','Picea','rubens'),('N','W','East Campus',279,'8/1/16','Dr. Lesser, Rodney, Benjamin',39.43557,0,0,39.43557,77.80388,0,0,77.80388,'Fir species','Abies',9.2,NULL,NULL,10,11,-8,3.349211438,'Excellent','Full','Poision ivy growing at the base of the trunk',NULL,'Y','Abies','sp.'),('N','W','East Campus',280,'8/1/16','Dr. Lesser, Rodney, Benjamin',39.43552,0,0,39.43552,77.80411,0,0,77.80411,'River Birch','Betula nigra',6.3,NULL,NULL,10,5,-15,3.55437856,'Excellent','Full',NULL,NULL,'Y','Betula','nigra'),('N','W','East Campus',281,'8/1/16','Dr. Lesser, Rodney, Benjamin',39.43552,0,0,39.43552,77.80414,0,0,77.80414,'Fir species','Abies',10.8,NULL,NULL,10,21,-8,5.244048697,'Excellent','Full',NULL,NULL,'Y','Abies','sp.'),('N','W','East Campus',282,'8/1/16','Dr. Lesser, Rodney, Benjamin',39.43541,0,0,39.43541,77.80449,0,0,77.80449,'Fir species','Abies',5.8,NULL,NULL,10,28,-8,6.722502664,'Excellent','Full','Poision ivy growing up the tree trunk',NULL,'Y','Abies','sp.'),('N','W','East Campus',283,'8/1/16','Dr. Lesser, Rodney, Benjamin',39.43539,0,0,39.43539,77.80453,0,0,77.80453,'Fir species','Abies',9.6,NULL,NULL,10,28,-8,6.722502664,'Excellent','Full',NULL,NULL,'Y','Abies','sp.'),('N','W','East Campus',284,'8/1/16','Dr. Lesser, Rodney, Benjamin',39.4353,0,0,39.4353,77.80467,0,0,77.80467,'Fir species','Abies',10.4,NULL,NULL,10,29,-8,6.948498862,'Excellent','Full','Poision ivy growing up the tree trunk',NULL,'Y','Abies','sp.'),('N','W','East Campus',285,'8/1/16','Dr. Lesser, Rodney, Benjamin',39.43527,0,0,39.43527,77.80471,0,0,77.80471,'Fir species','Abies',11.9,NULL,NULL,10,27,-8,6.500662842,'Excellent','Full','Ivy on trunk ',NULL,'Y','Abies','sp.');
/*!40000 ALTER TABLE `tree_raw` ENABLE KEYS */;
UNLOCK TABLES;
/*!40103 SET TIME_ZONE=@OLD_TIME_ZONE */;

/*!40101 SET SQL_MODE=@OLD_SQL_MODE */;
/*!40014 SET FOREIGN_KEY_CHECKS=@OLD_FOREIGN_KEY_CHECKS */;
/*!40014 SET UNIQUE_CHECKS=@OLD_UNIQUE_CHECKS */;
/*!40101 SET CHARACTER_SET_CLIENT=@OLD_CHARACTER_SET_CLIENT */;
/*!40101 SET CHARACTER_SET_RESULTS=@OLD_CHARACTER_SET_RESULTS */;
/*!40101 SET COLLATION_CONNECTION=@OLD_COLLATION_CONNECTION */;
/*!40111 SET SQL_NOTES=@OLD_SQL_NOTES */;

-- Dump completed on 2019-09-18 11:27:29
